"RR_l_0.RR_l_1","RR_l_1.RR_l_2","signal_mean","signal_std","R_val","P_val","label"
0.987261146496815,1,-0.331836098675411,0.153372491891307,0.895630775508862,-0.252084005781824,0
1.02325581395349,1.02994011976048,0.0693735686136693,0.459197095708699,3.04155397151852,0.336879756095467,0
0.984251968503937,0.947761194029851,-0.0845685422468295,0.273267318142674,1.23249317742709,0.000932452331950191,0
1.00549450549451,1.08982035928144,-0.319822959719513,0.230409516230184,1.40125525866867,-0.300248520308387,0
0.994117647058824,0.944444444444444,-0.260769155943009,0.24050165866508,1.57057401147832,-0.271762108837567,0
1.38655462184874,0.592039800995025,-0.381406309190103,0.151312766652439,0.830862289186827,-0.288189173698291,0
0.424778761061947,1.32163742690058,-0.248236181387037,0.368915219224644,1.91163036695683,-0.212635827158143,0
0.885106382978723,2.09821428571429,-0.379933920046401,0.717980114671828,2.68377451857156,-0.40164305469983,0
1.26229508196721,0.595121951219512,-0.31611074276514,0.143347255608715,0.870279060133778,-0.205711751529407,0
0.982456140350877,1.01785714285714,-0.0780755835116916,0.607995127695224,2.66242249717487,-0.183341385836713,0
0.912568306010929,1.02808988764045,-0.223369840414955,0.274605079553074,1.77537804742984,-0.285982898964982,0
1,0.973684210526316,-0.19285011087192,0.499649658584236,1.94530305921151,-0.0684679508539831,0
0.992805755395684,0.939189189189189,-0.0454963715109223,0.337846682910786,1.91431423436907,0.0524935608749795,0
1.00578034682081,1.04848484848485,-0.256302450367119,0.253474077327128,1.53678485431777,-0.303348130237987,0
0.96078431372549,1.00657894736842,-0.145360489073946,0.416049968260261,2.24815150588719,-0.0653439556838167,0
1.05113636363636,1.06024096385542,-0.0299450430771422,0.293864839757724,1.85908229988014,0.414694829771674,0
1.00921658986175,2.28421052631579,-0.167958291932134,0.466491171727833,2.10080372912311,-0.139370105426206,0
1.03703703703704,0.985401459854015,0.209528052119872,0.258419989593713,2.04347421689948,0.292191783581559,0
1.00694444444444,1.05109489051095,-0.296836029579229,0.265080785593992,1.22764221294938,-0.171833660076705,0
1.28682170542636,0.654822335025381,-0.296624349447995,0.192055873505374,1.14844153036793,-0.196862615942917,0
1.00900900900901,1.00909090909091,-0.331881492358406,0.485425211196316,2.08943057285058,-0.360237033911245,0
0.971751412429379,1,-0.182958504039668,0.271093423726388,1.83802653115969,-0.208599690856425,0
0.979310344827586,0.953947368421053,-0.243704908274472,0.273716435836946,1.27263099749259,-0.123684214206605,0
0.984848484848485,0.929577464788732,-0.0993028628985263,0.294877143971901,1.11776665400423,-0.048779152024699,0
1.02702702702703,0.91358024691358,-0.175934607927008,0.405202672292838,2.08456807793496,-0.117279803956112,0
1.03743315508021,1.01081081081081,-0.234600870484355,0.249712700138057,1.60235575813448,-0.246367182036307,0
1.0234375,1.024,-0.25590409643886,0.288016878878004,1.06118006171265,-0.158069486115816,0
0.987179487179487,0.951219512195122,-0.262004650645425,0.16955101026761,0.997409569939524,-0.145240565447194,0
0.97841726618705,0.97887323943662,-0.17857827374355,0.263765733536139,1.32584240408609,-0.0504487791710956,0
0.48792270531401,1.31012658227848,-0.155713772963758,0.377512566210126,1.90538334299387,-0.0484224828543678,0
0.932885906040268,1.00675675675676,-0.251273036330893,0.259227312908758,1.19331391728548,-0.123391169315582,0
1.05844155844156,1,-0.171842484893662,0.437468349825307,1.95523011382423,0.36111901978039,0
0.956043956043956,1.02247191011236,-0.216999251700414,0.240156354287577,1.60296118111586,-0.240747638892611,0
2.4954954954955,0.5311004784689,-0.183651570764241,0.386516586705851,1.78122045583022,-0.0952196301950309,0
0.963963963963964,0.991071428571429,-0.335260447487088,0.727303974503999,2.49607159425286,1.24985332423987,0
0.937853107344633,0.983333333333333,-0.14007036447603,0.257374750617597,1.70343005357045,-0.174934071762175,0
0.955307262569832,1,-0.2979309945585,0.237068537742806,1.50349971380513,-0.336658291457286,0
1.01324503311258,0.937888198757764,-0.211739056502757,0.352821673731328,1.85884375319167,0.506354130959698,0
0.994594594594595,1.0054347826087,-0.270523151997471,0.263670111697113,1.68181864388353,-0.30843078080829,0
0.976470588235294,0.934065934065934,-0.276557815106268,0.248725492816329,1.35393027553177,-0.174363457879486,0
0.92090395480226,1,-0.421086032618455,0.274320669494331,1.6290877394065,-0.454658120126539,0
0.983516483516484,0.978494623655914,-0.321307548590319,0.236424731055092,1.39935236160915,-0.337816499900043,0
1.04848484848485,1,-0.243040370199869,0.275696371407878,1.78737621670437,-0.274028409171496,0
1.00571428571429,0.956284153005464,-0.317649571201611,0.23511090733124,1.40910186951137,-0.323755647441422,0
1.03550295857988,0.994117647058824,-0.262413661404805,0.226109690662937,1.40903868552555,-0.248929626783192,0
0.506726457399103,2.25252525252525,-0.115706805463803,0.501692270542556,2.1424197286416,-0.154931780187383,0
1.01840490797546,0.947674418604651,-0.200155151142011,0.28602450897525,1.8164965819683,-0.236666437520869,0
1.97247706422018,1.01869158878505,-0.19880229422213,0.792745506244048,2.60934296521732,1.72533004759857,0
0.95906432748538,1.06211180124224,-0.226279763989901,0.15721924594989,1.05858295196167,-0.112870395271493,0
1.02836879432624,1.09302325581395,-0.169522971015994,0.293348443693908,1.15330058009443,-0.133351032433585,0
0.977611940298508,1.06349206349206,-0.122280625404621,0.288959538197775,1.19150767830387,-0.0927436485117472,0
0.960227272727273,0.972375690607735,-0.277940968776305,0.270638526383541,1.72519725202393,-0.203491680733986,0
0.993710691823899,1.03921568627451,-0.294971602205655,0.14920054512616,0.931291426575174,-0.211829966005627,0
2.06493506493507,0.283088235294118,-0.134458195508328,0.413779976229609,2.20111219007592,-0.092461770861825,0
1.1,1,-0.164526855812364,0.278322876505602,1.16581311758108,-0.0201574939952038,0
1.24203821656051,1.00641025641026,-0.136242239167463,0.385645086990464,2.14595506700554,-0.080386938958869,0
1,0.977272727272727,-0.143682323246575,0.286188677121388,1.18721383118624,-0.0421409032639671,0
0.946969696969697,0.949640287769784,-0.272674401884645,0.296177483070816,0.946745096707794,-0.293124699237234,0
1,1.05454545454545,-0.175954883412288,0.28761928948789,1.83053006599987,-0.163064778909757,0
0.724409448818898,1.17592592592593,-0.497244477924592,0.672085690901881,2.34714362657337,1.80316479186624,0
0.969135802469136,0.970059880239521,-0.283604996216779,0.266961286500609,1.68695502944672,-0.235818537484249,0
1.62790697674419,0.427860696517413,-0.223943194370112,0.280950239806024,1.20495245570242,-0.0566010379413998,0
0.971264367816092,1,-0.248574377976983,0.249786602791163,1.6596689546415,-0.291729525278922,0
1,1.00729927007299,0.440543954642596,0.279595409496733,1.76579863506193,0.634827174341921,0
0.313008130081301,1.44705882352941,-0.451752087321132,0.421236215882514,1.81659890312925,-0.0522888649791525,0
0.99290780141844,0.959183673469388,-0.181286319220662,0.262476682140806,1.23133501379282,-0.045423499287653,0
1.05142857142857,1.02941176470588,-0.209687311077343,0.245233708938974,1.6669127939324,-0.234980219684373,0
1.03669724770642,1.00925925925926,-0.292141665952889,0.487090483864437,1.94629605397642,-0.231080391642568,0
1.11224489795918,0.417021276595745,-0.393767980614992,0.558871913447521,2.27251709663293,-0.532891723850775,0
1.02013422818792,1.04195804195804,-0.28112781511409,0.200124833285551,1.12459610993356,-0.125082804130716,0
1.01376146788991,2.05660377358491,-0.0347441901520197,0.510535435994541,2.27754938587151,0.00573255799156982,0
0.982954545454545,1.00571428571429,-0.215615418502177,0.269366640656594,1.74755243954036,-0.249697311294407,0
1.03658536585366,1.01234567901235,-0.353636084282735,0.176869390817513,0.980613851467887,-0.266617715256291,0
1.01796407185629,0.994047619047619,-0.159186784621704,0.255775872935612,1.78991247238243,-0.194975299915077,0
0.975155279503106,0.947058823529412,-0.0747637457365653,0.362751013574865,2.09447787091011,0.562731966531016,0
1.04347826086957,1,0.712351208636345,0.204583204303149,2.25158855629258,0.759338016572531,0
0.994117647058824,0.939226519337017,-0.20033016311412,0.242390155830745,1.71850403380111,-0.222418539259823,0
0.987421383647799,0.935294117647059,-0.272021537194144,0.268054005745339,1.64222913947195,-0.311137778471451,0
1.03947368421053,0.95,-0.275780043578579,0.159946332366602,0.977860960059114,-0.155022079333368,0
0.96969696969697,1.00609756097561,-0.343185846848244,0.163147833680111,1.01904312151987,-0.206082997364495,0
1.02054794520548,0.986486486486486,-0.197503539859361,0.27154745583929,1.3093867729307,-0.0663919413325642,0
1.01704545454545,0.983240223463687,-0.241313976210027,0.260969766475752,1.65543541554203,-0.284536004595654,0
1.02597402597403,0.974683544303797,-0.299456870963244,0.158220235463007,0.912773440994062,-0.158719742961749,0
0.975,1,-0.32654728817084,0.14185893238439,0.814169283533334,-0.217211353491178,0
0.971631205673759,0.979166666666667,-0.192610896867626,0.23812197730339,1.0043794536705,-0.0467878594213975,0
1.00564971751412,1,-0.218167331272008,0.242992779743142,1.55159107392657,-0.261706790582705,0
1,1.00813008130081,-0.112529808145107,0.280717154446269,1.1878727680425,-0.108619501507763,0
1,0.986842105263158,-0.198652970555135,0.254134461095353,1.23581214737633,-0.000937026434239671,0
0.994011976047904,1,-0.319267244215092,0.268062164922221,1.5830054648208,-0.360626698337441,0
1.04819277108434,0.954022988505747,-0.255722785125082,0.232196972835247,1.50918261258328,-0.249121265543379,0
1.02247191011236,1.01136363636364,-0.281029133584054,0.252716827344306,1.63709654733696,-0.30200330285816,0
0.982142857142857,0.994082840236686,-0.352764307715921,0.159718181395416,0.908674717067385,-0.244771714703433,0
1.04878048780488,1.01652892561983,-0.0739379394066032,0.29101824032915,1.11053813726556,0.0391351354287916,0
1.0125786163522,1.00632911392405,-0.322097179150723,0.261686303717904,1.54219938456599,-0.369771805921281,0
1.03636363636364,0.982142857142857,-0.245606193522567,0.25507846142992,1.68744803192504,-0.278673977582042,0
0.969230769230769,0.970149253731343,-0.2878271485426,0.29526683258868,1.01181858989414,-0.192536525503753,0
0.992957746478873,1.00709219858156,-0.232352704398879,0.231760844832855,1.22684054739377,-0.115380327940672,0
0.98125,0.993788819875776,-0.346130999530256,0.194407548160407,1.16704780475794,-0.22680902643999,0
2.06493506493507,0.34070796460177,-0.255829813829751,0.358002505222894,1.78395776586316,0.374277883403975,0
1.0251572327044,1.00632911392405,-0.308875587376677,0.223894938494944,1.23832815656435,-0.210386118070409,0
1.01379310344828,0.960264900662252,-0.256724531927508,0.227979566856553,1.11996411827289,-0.106311580109589,0
1,1,-0.183038438807656,0.243641466669208,1.6876337499558,-0.224732866349945,0
1.08235294117647,1.02409638554217,-0.290364407056527,0.266855258829571,1.7669169273214,-0.328214150080563,0
1.01851851851852,0.955752212389381,-0.278672253445819,0.499368986905408,2.03953390645307,-0.290729368573259,0
1.04545454545455,1.05389221556886,-0.263437590822275,0.264483316679301,1.64999460368595,-0.333288262442002,0
0.932432432432432,0.942675159235669,-0.169661832134216,0.297379276449648,1.69433792431047,-0.113515730049622,0
1.05681818181818,1.02325581395349,-0.365628086376482,0.265926089734357,1.56613965514521,-0.341666472379632,0
1.05555555555556,0.972972972972973,-0.456506286488501,0.467330267300276,1.88057168260723,-0.453588042828041,0
0.972727272727273,0.932203389830508,-0.177443324268346,0.48980660057451,2.03219792104862,-0.180442459966302,0
0.455026455026455,1.38970588235294,-0.252383972711221,0.260411753867027,1.24421401504227,-0.110290634267986,0
0.930434782608696,1.04545454545455,-0.274143018489464,0.629051034483477,2.49763879336687,0.0539810950406725,0
0.968152866242038,0.987421383647799,-0.352398382933647,0.149949855502748,0.812520656772535,-0.249273297751005,0
0.935251798561151,0.958620689655172,-0.0466310928366911,0.30071561566657,1.35140300545305,-0.0369066802620406,0
1.01863354037267,0.952662721893491,-0.239267419357141,0.270810391603353,1.75958358507326,-0.267221455898183,0
0.993939393939394,1,-0.152399611279966,0.291526478242308,1.98994190597333,-0.20085556983415,0
2.15686274509804,0.857142857142857,0.0327130375581339,0.478455308171484,2.25008147761337,0.218266217480382,0
1.03731343283582,1.03875968992248,0.12191257291749,0.284420016409417,1.5186863749737,0.185064414414753,0
1.02189781021898,0.944827586206897,-0.237100114817345,0.27281964117379,1.23054781440983,-0.126219707301894,0
1.73255813953488,0.455026455026455,-0.267603660307729,0.259114787904749,1.21654029498506,-0.133683765284926,0
0.97841726618705,0.952054794520548,-0.214177548327711,0.222453432155385,1.32540408530511,-0.0298098670616232,0
1,0.965714285714286,-0.20362722974217,0.267865603428645,1.75559611829667,-0.243303826080356,0
1.01515151515152,0.992481203007519,-0.371361479508727,0.283208904342885,0.850099690176976,-0.296791144161485,0
1.03703703703704,0.978260869565217,-0.023560164156429,0.280239537488872,1.24325676800189,0.0569880391041205,0
1.03086419753086,1.00621118012422,-0.268170411818418,0.267508361097076,1.6892458598137,-0.281632824476113,0
1,1.01212121212121,-0.26672289504894,0.166195247800339,1.18152458474692,-0.171926577886485,0
0.947368421052632,0.894117647058824,-0.171871504562792,0.385525575621793,2.24753286573398,-0.140818081743691,0
0.971428571428571,0.925925925925926,-0.176408636093036,0.264212077373737,1.86139804686291,-0.209499639019121,0
1.01219512195122,1.01863354037267,-0.270812709450489,0.153422067830305,0.970343803515467,-0.189745090976642,0
1.35761589403974,1.04137931034483,-0.277561751309181,0.256299360096076,1.17813507585419,-0.159681572178809,0
1.01851851851852,0.947368421052632,-0.162504605157111,0.489391805546402,2.17442813794702,-0.0644884896608783,0
1.0377358490566,0.975460122699386,-0.304774083780172,0.23784882099763,1.51260950971694,-0.33553537589723,0
1.00564971751412,1.06626506024096,-0.180104936617068,0.264943063175172,1.75099085778789,-0.24123486988893,0
0.976878612716763,1,-0.271302193356386,0.26205353042178,1.6890283395913,-0.313721398168547,0
0.991304347826087,1.04545454545455,0.0989675914317751,0.489519794681844,2.24271108575911,0.152877196309008,0
1,0.971590909090909,-0.382198647373308,0.265058365669479,1.53687018596231,-0.37348826887392,0
1,1.05172413793103,-0.225758421140114,0.23954500793977,1.61489486542574,-0.250828086671484,0
0.942028985507246,1,-0.164634504608654,0.299016690572706,1.1925459501514,-0.0653124141357845,0
1.00540540540541,1.02777777777778,-0.190091904662195,0.220756643458557,1.57123631364646,-0.221010663225461,0
0.923497267759563,1,-0.198302566838803,0.273115849950412,1.91244618252043,-0.228684039842685,0
1.01212121212121,0.988023952095808,-0.327954762121356,0.150690400662019,0.839179092316669,-0.219922594618787,0
0.98314606741573,1.02890173410405,-0.220403861982574,0.247826939515123,1.57081285479003,-0.237181427628255,0
1.02325581395349,1.01574803149606,0.0732056477625553,0.276253797876786,1.41585164343594,0.100325116560325,0
0.97972972972973,0.973684210526316,-0.21026360691076,0.253006610746894,1.24648015381449,-0.0808145583487916,0
0.945578231292517,0.98,-0.287702251464973,0.259341512329159,1.17646127245613,-0.159725372795299,0
0.37984496124031,1.48275862068966,-0.26618966784896,0.342932365364558,2.08625422939362,-0.231489417103421,0
1.01369863013699,1.04285714285714,-0.247486108570171,0.256254504920107,1.22638764512737,-0.109836395465702,0
0.971631205673759,1.06015037593985,0.235273644662616,0.226047700570164,1.78928239071004,0.347687427963581,0
1.02189781021898,1.04580152671756,-0.154578472190555,0.290324980190922,1.20632635298414,-0.106809891720676,0
1.025,0.987654320987654,-0.218261555262881,0.275078387864549,1.80273548568039,-0.255300387181614,0
1.01351351351351,1.02068965517241,-0.201502905946785,0.259843627204913,1.22674151521774,-0.0273701596006065,0
1.03164556962025,1,-0.172198553430267,0.411061498596373,2.0473844836252,-0.0804520052568682,0
0.959731543624161,0.919753086419753,-0.163221367878939,0.380309890114802,2.00747317091277,0.277004647397104,0
1.07857142857143,1.03703703703704,-0.251549049583729,0.228126455440878,1.1419929050194,-0.0915562941162311,0
0.947826086956522,1.03603603603604,-0.0781320636978485,0.539984450169322,2.12253132192348,-0.0373906759189908,0
1.02777777777778,1.02857142857143,-0.127300228549631,0.234227577781559,1.13957912424584,0.0319187358127682,0
1.65605095541401,0.993670886075949,-0.100451464528685,0.336177990103169,2.10208384185504,-0.0952173514932328,0
0.978142076502732,0.994565217391304,-0.290875790017224,0.25764136284969,1.54900399985927,-0.342033145295362,0
0.952054794520548,0.973333333333333,-0.275564845940802,0.269281752655621,1.24640375050667,-0.168880427834591,0
1.015625,0.984615384615385,-0.0566639205639209,0.296099757487072,1.30369846467647,0.0264749071642797,0
0.982142857142857,1.03067484662577,-0.332395421211586,0.166811609994348,0.95594946181563,-0.19384932038809,0
1,1.92307692307692,-0.214647032249274,0.401160359055716,2.08734152665024,-0.207675439624868,0
1,1.02702702702703,0.45295211040755,0.51631562935138,2.74545226053964,0.654586652172769,0
1.12037037037037,0.990825688073395,-0.0813944425855814,0.477263525816118,2.09753610761503,0.00371731884019839,0
0.923076923076923,1.03409090909091,-0.23294823745234,0.27935343844104,1.90361990951626,-0.277079582874193,0
0.954285714285714,0.977653631284916,-0.277355978989898,0.238603019078906,1.45674799702932,-0.29234459006059,0
1.04929577464789,0.93421052631579,-0.31260453967512,0.143789211505505,0.876867329828694,-0.166702944272865,0
0.957575757575758,1.02484472049689,-0.350784337453485,0.258120795803246,1.51848241118203,-0.370266436332462,0
0.951219512195122,0.970414201183432,-0.234290179946362,0.268232136896001,1.73192960351651,-0.274496503038021,0
0.992063492063492,0.976744186046512,-0.0199070103092608,0.294276793202258,1.34454192977959,0.0117202429261368,0
1.01834862385321,1.01869158878505,0.182004258166103,0.472578709281832,2.27515100383666,0.28436775700684,0
1.04102564102564,1.08938547486034,-0.229660080766076,0.226033837099078,1.4164460786235,-0.230658029757861,0
1.04790419161677,1.01212121212121,-0.0817925823952355,0.258634587756351,1.90439420434808,-0.115759563913711,0
1.04166666666667,0.96551724137931,-0.210439420795915,0.25166577197731,1.6047159737613,-0.244783388754498,0
1,1.02985074626866,-0.0927730117219888,0.277972320007916,1.25343475347528,0.055493597376401,0
0.877005347593583,0.949238578680203,-0.2441532659715,0.240519726260387,1.47992972079695,-0.142802512358608,0
0.990825688073395,0.947826086956522,-0.238005484867135,0.465141582200333,2.14118845394741,-0.23944186554138,0
1.08108108108108,0.845714285714286,-0.291241199338413,0.154687857334156,1.00754930321336,-0.175584930531546,0
1.01492537313433,1.072,-0.34610199878056,0.284046939938326,1.05684052568707,-0.293618007515074,0
0.474226804123711,1.29333333333333,-0.228080470467472,0.259082718998477,1.19054338064661,-0.0842587980401876,0
1.01863354037267,0.981707317073171,-0.175842415544288,0.301110713860393,1.94392142658889,-0.19884484626969,0
1,0.981132075471698,-0.287976891483577,0.150910808642534,1.04000730541455,-0.154360659911592,0
1.29896907216495,0.795081967213115,0.0587932618493387,0.474426826033162,2.13371112508673,0.0975126504835008,0
0.955882352941176,0.964539007092198,-0.177693268679565,0.277212433604023,1.09927049899876,-0.136011416275019,0
0.994594594594595,1.05113636363636,-0.258397798948145,0.244214137575727,1.64162193499839,-0.274435513912655,0
1.00740740740741,1,-0.158407996871679,0.294486484288633,1.12370945742563,-0.158705204147412,0
0.979310344827586,0.97972972972973,-0.2208980681148,0.257502421163128,1.26360207803181,-0.0845995691075227,0
1.03448275862069,1.00578034682081,-0.237889818729996,0.27976082564528,1.90917790210545,-0.239371871959792,0
1.05696202531646,1.06040268456376,-0.409893184192174,0.226026367000701,1.20598326613209,-0.411302324056036,0
0.980891719745223,1,-0.273450520240918,0.156067312172059,1.00201945492143,-0.163694601956419,0
1.00917431192661,0.981981981981982,-0.55474729225698,0.825872253221925,2.56772459967858,1.19878625378259,0
0.965217391304348,0.539906103286385,-0.240582012979875,0.445862310778617,1.85930828080004,-0.126538269062433,0
1,1.00699300699301,-0.296993708756628,0.253272236444137,1.13199887020889,-0.188695110506456,0
1.01226993865031,1.00617283950617,-0.281096590109036,0.154517553003557,0.960586898917742,-0.174458216810497,0
0.976744186046512,1.02994011976048,-0.335399214482393,0.268171368068472,1.65338387085988,-0.342428170689236,0
1.4468085106383,1.53260869565217,-0.396270227016737,0.398330332070924,1.77166594900863,-0.329650980727508,0
1.01379310344828,1.02112676056338,-0.261611318335642,0.259963495131067,1.14845348509817,-0.193673819707861,0
0.981981981981982,0.948717948717949,-0.00181972565328035,0.506684044880481,2.21692580473032,0.0524107477692175,0
0.965116279069768,0.960893854748603,-0.223737553078292,0.253311369263949,1.57745855180419,-0.278464957301172,0
0.977272727272727,1.03125,-0.278698851147453,0.315305120404585,1.00956706653959,-0.00636224340953883,0
0.790322580645161,1.31914893617021,-0.105733299333176,0.502458838755568,2.18862265968391,-0.00607233658826011,0
1.33333333333333,0.646153846153846,-0.0536504700337718,0.543981179138731,2.32800631715913,-0.0527262316465913,0
1.04929577464789,1.04411764705882,-0.230378395077964,0.259887354013981,1.20371697345131,-0.0447646014660032,0
1.02923976608187,1.04268292682927,-0.235151415261723,0.298289330030265,1.92241331633634,-0.283058345316553,0
1.0503144654088,1,-0.254624788190307,0.264732652896204,1.63949813813722,-0.299718515746493,0
1,0.982857142857143,-0.227030833397252,0.269964629537357,1.74970034826826,-0.219350479993453,0
0.952380952380952,1,-0.305776146175223,0.153716186166904,0.903644917490465,-0.221176530667832,0
0.93452380952381,1.02439024390244,-0.291500220667698,0.166711280731607,1.12219311051132,-0.185367912668266,0
1.3125,0.646464646464647,-0.254115552365531,0.17923639390224,1.07317074912698,-0.143057045169267,0
0.625,1.22699386503067,-0.353227217204778,0.160547161191896,0.955107422947404,-0.286276332661767,0
1.06578947368421,0.968152866242038,-0.265489814973158,0.155414796195449,1.0209387571289,-0.148272654760497,0
0.97037037037037,1,-0.202726136583491,0.289350237819508,1.21336195065306,-0.0638751372119371,0
0.968553459119497,1,-0.389940477047683,0.145442521141765,0.810515017314001,-0.331444008453826,0
1.01764705882353,1.04294478527607,-0.247066660916103,0.258995087964351,1.65478158464834,-0.285753593784256,0
1.04419889502762,1.09036144578313,-0.307636749354373,0.265166812174301,1.50051474797424,-0.348278831120759,0
1.02173913043478,1,-0.209552479742553,0.270286337956655,1.30428825320294,-0.119024178230823,0
0.99375,1.0126582278481,0.275001057448107,0.312138549428967,2.16248092949003,0.503464318986287,0
1.00925925925926,0.964285714285714,-0.148801935621275,0.840842102618341,2.7051204586529,0.862848246080763,0
1,1,-0.37893390980261,0.598238988016592,2.19117503896837,-0.565525791294101,0
0.406862745098039,1.45714285714286,-0.297608793529416,0.268601766851945,1.19606681475442,-0.179128693763587,0
0.960893854748603,0.983516483516484,-0.188472453831453,0.243924973096546,1.6302208375151,-0.229359463644782,0
1.4320987654321,0.981818181818182,-0.115696891590043,0.376999152524829,2.21961596219373,-0.046337353167589,0
0.330798479087452,1.55621301775148,-0.305818043604237,0.398617005500356,1.87613342201223,0.232320338688956,0
0.98,1.04166666666667,-0.283123289867265,0.261516383677084,1.18492520458503,-0.145183905437322,0
0.989071038251366,1.00549450549451,-0.237013345351638,0.246290701496747,1.58433530432609,-0.256272249784867,0
1.00621118012422,0.925287356321839,-0.188481827193735,0.25231446239979,1.69102530543047,-0.222656817655459,0
1.03680981595092,1.01242236024845,-0.137130304599891,0.284964310075169,1.85545849402658,-0.128709753897604,0
1.49056603773585,0.5,-0.189169032195239,0.40452472276073,2.08436745969691,0.170394914486535,0
0.937142857142857,0.966850828729282,-0.224733010621017,0.255398414928526,1.64884340307003,-0.250557250113607,0
1.00546448087432,0.963157894736842,-0.433353276016952,0.282063622021043,1.57684222521347,-0.427281554486053,0
1.00714285714286,1,-0.233110640887603,0.267181655174663,1.20778400088149,-0.11180871270899,0
0.9875,1.0062893081761,-0.273144141539191,0.1591295157767,0.977818254673419,-0.137769466657994,0
1.01754385964912,0.982758620689655,-0.132485986585857,0.25179586407526,1.66352557348146,-0.200121826013664,0
1.01242236024845,0.964071856287425,-0.177394631170264,0.253546094834727,1.64736041433797,-0.23418922777527,0
0.400862068965517,1.4320987654321,-0.164810061812801,0.391336458211432,2.19105793247833,-0.112757888904276,0
1.0462962962963,0.947368421052632,0.0699817907196411,0.651851809913067,2.57432595106928,0.184942235985496,0
0.959183673469388,0.986577181208054,-0.199181240172269,0.250226306007425,1.18836437199046,-0.0413725481531963,0
0.88034188034188,1.05405405405405,-0.349634417574342,0.732509170457915,2.52404902770138,0.884330718326327,0
1.02824858757062,0.972527472527472,-0.248456856210808,0.277027738802522,1.83447214493124,-0.278850847153076,0
1.32163742690058,0.971590909090909,-0.230036220821484,0.308999881964129,1.84456225962514,-0.158071920187494,0
1.00909090909091,1.02803738317757,0.0403999673123019,0.474305244217787,2.1098608605839,0.0351087937867301,0
0.992307692307692,0.970149253731343,-0.13526680022976,0.293690993418117,1.35110850846624,-0.132225457298713,0
1.01290322580645,0.987261146496815,-0.190710652176445,0.288626170553275,1.90587198741198,-0.184174660851576,0
1.02380952380952,1.03067484662577,-0.139749275220439,0.238009408276391,1.69516938436595,-0.153822629378671,0
1.09160305343511,1.0234375,-0.0262012391479749,0.276442189751643,1.42048035933664,0.0722579160327536,0
1,1.02027027027027,-0.10310750648693,0.283281031894481,1.37897720044313,0.0614742177786879,0
1.00719424460432,0.97887323943662,-0.272186649723224,0.250369367778465,1.13245712745811,-0.090171515143486,0
1.07692307692308,0.975,-0.31747669067295,0.140409613095432,0.819957001423939,-0.23575625607369,0
0.946745562130178,1.01807228915663,-0.221183747890317,0.257312804676897,1.62522421090784,-0.282043867648626,0
1.04081632653061,1.06521739130435,-0.155279521190873,0.2504391564325,1.22943521973343,-0.00535227451116474,0
0.981818181818182,1.05095541401274,-0.108580297859119,0.394988444588338,2.19586277289784,-0.0286994700289198,0
1,0.968253968253968,0.0168517856630042,0.258787617311662,1.72203650538412,0.062364887693543,0
1.06164383561644,1.02816901408451,-0.219018495578322,0.260915370788432,1.25396865673708,-0.118939083987306,0
0.942675159235669,0.96319018404908,-0.162940525521055,0.345447897831957,1.78823565003299,-0.135956372787513,0
1.02732240437158,1.02234636871508,-0.224422162202477,0.2550307702036,1.67886800858834,-0.191347156873702,0
0.966101694915254,2.18518518518519,-0.30882728545788,0.378592621464643,1.8594355966429,0.21376739886268,0
1.00584795321637,0.934426229508197,-0.270319567344438,0.23654993605947,1.53646798179071,-0.261442214297808,0
1.5,0.474226804123711,-0.248712899548463,0.244676284756862,1.12822218481826,-0.121218787054541,0
0.948717948717949,1.39285714285714,0.00267917532771781,0.507399133369741,2.28492414517772,0.133144462019023,0
0.947674418604651,1.02380952380952,-0.155184294900883,0.37507249534513,1.91941792115085,-0.0998192747956779,0
2.08974358974359,0.319672131147541,-0.118189657703001,0.380672353650276,2.2809840391509,0.419207350518137,0
1,0.990990990990991,-0.26978862438858,0.506241790828996,2.13636256499895,-0.177847170322766,0
0.50462962962963,1.94594594594595,-0.513934782535348,0.810079060286099,2.64386127219699,1.86426163093662,0
1.02816901408451,0.959459459459459,-0.0175582667405544,0.236373978804201,1.74328589843667,0.0320650699428754,0
1.05109489051095,0.978571428571428,-0.240381847686683,0.247854550557878,1.22070357867736,-0.157678400823957,0
0.911392405063291,1.00636942675159,-0.373063100702539,0.459291891280409,2.02835367913729,-0.290923465409826,0
1.05806451612903,1,-0.239520438790917,0.430345965466791,2.1929212754486,-0.149095017959006,0
0.994082840236686,1.03680981595092,-0.153789311772262,0.254213697214754,1.69984746981807,-0.184779467160832,0
0.958579881656805,0.976878612716763,-0.188632707254148,0.264482458485843,1.65714647721182,-0.248934641875524,0
1.375,0.96969696969697,-0.174321529472654,0.393855655425029,2.12308979348948,-0.152304847412133,0
1.02739726027397,1.04285714285714,-0.165265680703782,0.250158297117464,1.23276067225962,-0.049279771282044,0
1.34905660377358,0.522167487684729,-0.489083935419902,0.435817272370468,1.69181590303957,-0.349465210024613,0
0.970238095238095,0.988235294117647,-0.219614920964751,0.318776621332478,2.04326269986005,-0.156717445932436,0
1.02395209580838,0.98235294117647,-0.239241935510389,0.166246599835897,1.14756670483609,-0.138584296293362,0
0.993630573248408,0.975155279503106,-0.100786606223343,0.384121212623808,2.11707121763777,-0.0391200740086754,0
1.02238805970149,0.985294117647059,-0.253072759622427,0.296212170337739,1.19288062396481,-0.148189697904322,0
0.988165680473373,1.03680981595092,-0.242944959475214,0.281888042318066,1.78853731913363,-0.285856757681522,0
1.01204819277108,0.994011976047904,-0.32746586384746,0.237194039117266,1.41976839517307,-0.356448572468052,0
0.973404255319149,1.04444444444444,-0.177033309577022,0.257548366468063,1.75026091714225,-0.206025886276022,0
1.02027027027027,0.907975460122699,-0.264510952624861,0.364096690706496,1.95908225736847,-0.241413419228832,0
0.990825688073395,1,-0.0662704914818283,0.46456615872926,2.12333418729802,-0.069995774903906,0
0.9875,1.03225806451613,-0.256093643889861,0.164280583475675,1.09771799930471,-0.125093122510171,0
0.972027972027972,1.05925925925926,-0.0610094736563689,0.308195122882374,1.2810534494509,0.0123815656343124,0
1.01675977653631,1.03468208092486,-0.106508552795901,0.246660461114937,1.65097298735077,-0.102035175879397,0
0.975,0.963855421686747,-0.182055262870793,0.155473896373969,1.10464735030973,-0.068942472399625,0
1,0.965217391304348,-0.316913695997588,0.461176293101825,1.96586877684241,-0.259408178394704,0
1.06703910614525,1.05294117647059,-0.197123917952961,0.2175713151431,1.43962720151794,-0.221557267104812,0
0.974683544303797,0.946107784431138,-0.364260554828265,0.193457092670741,1.04381685455471,-0.267740711249056,0
0.947058823529412,0.965909090909091,-0.123171127145711,0.40732814888058,2.02441379513351,-0.0675277455787032,0
1,0.935294117647059,-0.31929288219524,0.15116116641413,0.908973149856533,-0.202989545566623,0
0.959731543624161,1.00675675675676,-0.197583801034831,0.273656930138712,1.31335201766908,-0.072742633081681,0
1.00675675675676,0.925,-0.303051141996362,0.147319650108332,0.930514709776702,-0.177304964930297,0
1.01234567901235,1.00621118012422,-0.301806977677108,0.147230406633665,0.870306561179363,-0.178010929043829,0
1.63157894736842,0.465686274509804,-0.356174941638438,0.364489308959676,1.79725001453795,-0.0126156638819528,0
1,0.964285714285714,0.0870439591845781,0.479431776317878,2.32042659337886,0.247390977403793,0
0.971590909090909,1.34351145038168,-0.226356581842925,0.437399087284083,1.83595917993947,0.28226173736428,0
0.979166666666667,1.05882352941176,-0.102395606475856,0.299118664258531,1.2728173435491,0.0120955486082089,0
1.05035971223022,0.985815602836879,-0.223825221380581,0.261481753491974,1.23435219211686,-0.102454416534009,0
0.958579881656805,0.965714285714286,-0.281991950487663,0.262185911084221,1.66100657109419,-0.314071958261107,0
1,0.952380952380952,-0.252340543641388,0.227520647034189,1.15290249059712,-0.18195497336572,0
1.04504504504505,1.01834862385321,-0.30517259982603,0.458150937595598,1.8433888574187,-0.36036017029951,0
1,0.928571428571429,-0.0521130901700623,0.278530079365859,1.28360810250349,0.0417698859276474,0
1.02380952380952,1.0059880239521,-0.232053569225075,0.271187678316485,1.80833182885646,-0.265,0
0.97887323943662,1.49473684210526,-0.25616670968207,0.277703650680779,1.22788473627121,-0.0756302078860929,0
0.97752808988764,0.962162162162162,-0.190036187849171,0.265482578153562,1.72351622127646,-0.228333154400175,0
0.99290780141844,1,-0.294857579211255,0.259220845300801,1.15420873165558,-0.149857782840031,0
1.03012048192771,1.05063291139241,-0.30815076361632,0.138291612181902,0.797485217067803,-0.190996459641708,0
1.06569343065693,1.03007518796992,-0.301774169529007,0.383361309038147,1.79455568137864,0.212864214318287,0
1.03409090909091,1.02325581395349,-0.240257943804929,0.259972049392417,1.70226888970369,-0.284612906575987,0
0.961538461538462,0.955882352941176,-0.28036682538236,0.273204499577382,0.989623482535357,-0.154863577351341,0
0.93125,1.02564102564103,-0.286484510645257,0.166900638561142,1.04345099334764,-0.13912077946584,0
1.03424657534247,1.0354609929078,-0.267586549182409,0.250504693436528,1.16404584997313,-0.145212340297261,0
0.988372093023256,0.971751412429379,-0.162870732749126,0.267913419170667,1.79716834529998,-0.18701463555605,0
0.993464052287582,0.993506493506494,-0.17527994269888,0.191062808945308,1.2067140909881,-0.0405493132033066,0
0.9375,1.00571428571429,-0.148234316240311,0.396970823296003,1.98667758159114,-0.120212917452445,0
0.98235294117647,0.994152046783626,-0.195941106626213,0.270076225856998,1.87367333669284,-0.189316601923449,0
0.994350282485876,0.977900552486188,-0.256696588684511,0.230571621942741,1.44397446599754,-0.289865293719857,0
0.983957219251337,0.99468085106383,-0.226213747150517,0.250412902456643,1.57263365365833,-0.257021698279064,0
1.01190476190476,0.976744186046512,-0.261495494090369,0.174487068346996,1.18565039454252,-0.143575105993604,0
1.01818181818182,1.0377358490566,-0.296533468900185,0.172433844406041,1.10727600871586,-0.170356092292944,0
1.00621118012422,0.981707317073171,-0.246416333273216,0.276027877518518,1.87016504432662,-0.263628127803593,0
1.04268292682927,1.025,-0.242745933525351,0.290216860185546,1.8311595849876,-0.283466161012497,0
1.02209944751381,1.01117318435754,-0.362600746058251,0.261962775490089,1.42244036775936,-0.42679088658079,0
0.933333333333333,0.99264705882353,-0.138045701970413,0.248799011404858,1.49870461947709,0.0656546006419115,0
1.00657894736842,1.02013422818792,-0.237891896555488,0.19493941546914,1.22510276354047,-0.0958416542363408,0
1.02255639097744,1.05555555555556,-0.253698065530624,0.275748533680434,1.14138354812222,-0.167244943296249,0
1.94594594594595,0.982300884955752,0.0226139395871018,0.487387489944937,2.21152982638617,0.0962063076303099,0
1.03125,0.963855421686747,-0.180148367701106,0.369846032958092,1.97528432821457,0.386191203281621,0
0.993975903614458,0.982248520710059,-0.191287940296881,0.392200815473154,1.97085010275821,-0.123091073042316,0
0.979865771812081,1.00675675675676,-0.286107654570873,0.227091898258709,1.10846703958351,-0.0731936217947286,0
1.01388888888889,1.03597122302158,-0.219502519644535,0.250599911572816,1.17776013914842,-0.0503463679071079,0
1.06578947368421,1.42056074766355,-0.157551942123377,0.345742085369061,1.87424634380186,-0.125564521920906,0
0.969135802469136,0.952941176470588,-0.229269835180235,0.185732294779184,1.18692519473293,-0.139430588924268,0
1.02272727272727,1.0414201183432,-0.29660646095726,0.259661190384528,1.67971782364379,-0.300482374960865,0
0.994011976047904,0.954285714285714,-0.340209228254882,0.17672581238654,1.01707958982992,-0.248292756320417,0
1.02923976608187,1.02395209580838,-0.252397702194954,0.24316350988192,1.4798177805281,-0.278611724420111,0
0.46,1.30718954248366,-0.311930254568628,0.360275824264058,1.63754704545341,0.0838368743619935,0
1.06172839506173,1,-0.312985654856575,0.167320304679705,1.02473996024902,-0.199519937417163,0
1.79569892473118,0.35361216730038,-0.134750782986681,0.401625693461257,2.10244756331277,-0.0678665229384678,0
0.456410256410256,1.24203821656051,-0.133100019192587,0.369001661094151,2.09081665892857,0.307984398621414,0
1.04575163398693,0.962264150943396,-0.320717670734208,0.164832882120178,1.00028825105851,-0.174597578043996,0
1.01290322580645,0.981012658227848,-0.26600263459656,0.160860433729407,1.05182751245273,-0.170635736538859,0
0.979310344827586,1.61111111111111,-0.19216785316946,0.274102673699581,1.32377831123617,-0.0679127859445375,0
1.00617283950617,0.925714285714286,-0.110598927304367,0.271877764218004,1.93394437565557,-0.117094751235961,0
0.988636363636364,1.01734104046243,-0.253951017173215,0.429326827426049,2.14757935403677,-0.161098021350449,0
0.982558139534884,1.02994011976048,-0.283285562199073,0.174067807650438,1.02107401113993,-0.189506833941767,0
0.959459459459459,1.00680272108844,-0.221519264822154,0.265671125209756,1.2512434161697,-0.0629862878225879,0
0.982035928143712,0.965317919075144,-0.232166163827796,0.166100690072745,1.12259779816554,-0.091351625703956,0
1,0.987654320987654,-0.261672541078216,0.15191277005386,1.03757589729758,-0.137340808110665,0
1.02857142857143,1.03550295857988,-0.218526658304279,0.258783412148254,1.73131505048539,-0.193558835296133,0
1.07185628742515,0.994047619047619,-0.211797168035249,0.250051313258982,1.63191040898474,-0.230645184559422,0
0.99290780141844,0.965753424657534,-0.232071327170526,0.273290346147288,1.24757201585236,-0.0878440069280168,0
0.987577639751553,0.952662721893491,-0.222992585156277,0.160039320926007,1.02637633434855,-0.121273708711011,0
0.979452054794521,1.02097902097902,-0.232484413852935,0.159641384816666,1.03288972082759,-0.071234349163168,0
0.963855421686747,0.954022988505747,-0.366283116305136,0.155744934028119,0.894194437201363,-0.258949761671425,0
1.02717391304348,1.08235294117647,-0.316319583368225,0.245102101054813,1.49220688661257,-0.324318862604675,0
0.986666666666667,1,-0.254513956225313,0.270979365628405,1.25119266227653,-0.0838655550432961,0
0.987341772151899,0.975308641975309,-0.0823908835973007,0.371788619203352,2.14535761196152,-0.0258685090341582,0
1.01923076923077,0.975,-0.368849595694973,0.151412516028719,0.934631836984052,-0.262740323626797,0
0.966666666666667,0.961538461538462,-0.196740478115684,0.405807618274547,2.17580297600402,-0.117125692946372,0
1.05555555555556,1,-0.22555295761383,0.279400243525442,1.88485039462723,-0.265979707390609,0
1,1.05882352941176,-0.259890297483518,0.256063736424755,1.22206839726672,-0.125114437383396,0
1.01986754966887,0.915151515151515,-0.38035557047189,0.334491466445263,1.90709631167509,-0.363957276517057,0
1.00694444444444,1,-0.257946530291245,0.26571824860242,1.25567800482352,-0.0863979773529945,0
1.01923076923077,0.993630573248408,-0.133468403783481,0.331897577809005,2.13897464683536,-0.087141041377708,0
1.02127659574468,1.0763358778626,-0.078819513918401,0.293265206312333,1.28472124983977,-0.00247067380234049,0
0.956521739130435,1.02678571428571,-0.178159156754482,0.470897916528039,2.19972022946818,-0.204549329400516,0
1.03846153846154,1.015625,-0.170663786880388,0.312095749475594,1.25182347661213,-0.155785432781023,0
0.991935483870968,0.961240310077519,0.106332019870706,0.264439948588863,1.37121585382751,0.134593550203672,0
0.979166666666667,1.00699300699301,-0.28768207867716,0.283161043463994,1.0848663175025,-0.198297881555899,0
1.03225806451613,0.96875,-0.347381739880075,0.147916961195042,0.87360652968185,-0.233074300474285,0
1.01818181818182,0.990990990990991,-0.149589878828565,0.508414674836223,2.15493883143221,-0.151952055096372,0
0.988235294117647,0.955056179775281,-0.197124069314201,0.233532271104466,1.58088245406198,-0.234742117322447,0
2.09821428571429,1.06666666666667,-0.275090516268137,0.659267299698985,2.61476601794856,2.13823792150047,0
1.00581395348837,1.02380952380952,-0.25347898745459,0.288621611534547,1.94261970125303,-0.302600190069448,0
0.988505747126437,1.01162790697674,-0.206744552220086,0.248086944300521,1.61924363886208,-0.240087611321926,0
0.992063492063492,1.0327868852459,-0.0589724698236704,0.293956710199546,1.31366178955495,0.00402717477653698,0
1.81176470588235,0.416666666666667,-0.174374732608076,0.431785284549351,1.92102901550796,-0.0742349142524104,0
1.05442176870748,1.02083333333333,-0.189576780816318,0.382762357344678,1.94353534163668,-0.112597538147534,0
0.941176470588235,1.04081632653061,-0.112567108336962,0.265441593332225,1.27752182352814,0.0390830765172501,0
1.00680272108844,1.02083333333333,-0.251553163884345,0.276815067780435,1.23753050353883,-0.116045102377952,0
1,0.995412844036697,-0.146381763440845,0.488637075470436,2.08883869022567,-0.173897159838387,0
1.25641025641026,1.04,-0.278939333216185,0.469682764605526,2.29607866706475,-0.190431072162006,0
0.94478527607362,1.01242236024845,-0.285621032707547,0.155244604603185,0.996592065070863,-0.180010115765952,0
1.03636363636364,0.973451327433628,-0.403751712905735,0.518777706713966,1.90689941360026,-0.259084160761094,0
0.948051948051948,1,-0.213179507764254,0.396068920796002,2.07481327745903,-0.190621753102218,0
0.942857142857143,0.985915492957746,-0.0285788073121312,0.253352814761302,1.41329418143431,0.0623794720831445,0
1.03703703703704,0.981818181818182,-0.121576547981744,0.512638185557819,1.95601839209073,-0.104981554203905,0
0.952054794520548,1,-0.282074170005497,0.215318408038947,1.21426341535253,-0.144046935469393,0
1.06349206349206,0.954545454545455,0.0185277756370374,0.286179604043507,1.43490308586493,0.108408189306234,0
1.0551724137931,1,-0.190222541848063,0.401014394678221,1.97396046391635,-0.107732397988026,0
0.936046511627907,0.982857142857143,-0.215182397491914,0.293636718951721,1.58327865967856,0.263247047300337,0
1.01948051948052,0.974683544303797,-0.244697639324684,0.260146458041042,1.66269296197278,-0.220824409507508,0
1,1.79268292682927,-0.191343091963135,0.392457114620472,2.0576422482968,-0.0707836979066787,0
1.00609756097561,0.964705882352941,-0.2243562990674,0.168817646830386,1.16256453384823,-0.0828887666175195,0
1.08275862068966,0.966666666666667,-0.344501965987751,0.150976547322953,0.895292748136214,-0.225501310173357,0
0.983425414364641,0.983695652173913,-0.218723933940832,0.232876696921545,1.56534098584949,-0.209398244298802,0
1.59782608695652,0.431924882629108,-0.128872429045327,0.360356721651187,2.02710554372536,0.395262315465394,0
1.33783783783784,1,-0.131634168249255,0.264661761779377,1.30766322292956,-0.0763119888148599,0
1.02173913043478,1.00729927007299,-0.284671446750534,0.259081080133413,1.1805374615186,-0.124727562018984,0
1.01379310344828,0.993150684931507,-0.271144617068385,0.229311381159743,1.13568685432854,-0.137336683417085,0
1.01769911504425,1.03669724770642,-0.430526217712873,0.786284821403909,2.70149588465062,0.109531360219898,0
0.976331360946746,0.971264367816092,-0.25274463066857,0.269033479395702,1.72940131014621,-0.285203512014557,0
0.969135802469136,0.970059880239521,-0.234185935243298,0.209406710459403,1.29250923306306,-0.127142582267975,0
0.973451327433628,1.05607476635514,-0.21871907364566,0.467325564112025,2.00242334269177,-0.253784616177823,0
0.972972972972973,0.982300884955752,-0.480933201726653,0.521394361182824,1.7943884897852,-0.380967980181281,0
0.955696202531646,1,-0.179014963510652,0.423712744333871,2.12879194726693,-0.105279532292907,0
0.993939393939394,0.942857142857143,-0.172403329121909,0.25601753767651,1.7341940149961,-0.163786028138312,0
1.52586206896552,0.515555555555556,-0.0367018288652357,0.54589350262951,2.34070513960436,-0.0457096882419028,0
0.970588235294118,1.01796407185629,-0.225190937823463,0.262165037479863,1.6090507734999,-0.225474231263047,0
1.39130434782609,0.602094240837696,-0.233794953975704,0.143627273967982,0.906800348860312,-0.125252170127378,0
1.00571428571429,0.994318181818182,-0.166944255566798,0.274172162854123,1.95097988398156,-0.204769865232433,0
1.97272727272727,1,-0.203251378947223,0.61516187310744,2.33918952793918,1.28044072349613,0
1.09756097560976,1.01652892561983,-0.205666794409856,0.288308668889472,1.04710769509338,-0.146533172215876,0
1.02962962962963,0.99264705882353,-0.0502883882799937,0.282924067960774,1.26555318483978,0.10194044631013,0
1.01418439716312,0.972413793103448,-0.205688702434979,0.253621304970792,1.2934166087434,-0.109396155198654,0
1.01398601398601,1.02142857142857,-0.176200745193972,0.263676087563692,1.26746327717047,-0.0626085260829435,0
1.06622516556291,1.01342281879195,-0.105324600775796,0.239551733627776,1.69378400674085,-0.0583886795819465,0
0.982142857142857,1.02752293577982,0.0983216420746089,0.50067816123491,2.20695013597572,0.206757025140537,0
0.951351351351351,0.989304812834225,-0.219969945836775,0.246628116749811,1.53193885887394,-0.252874087463312,0
1.02209944751381,1.09036144578313,-0.186487911480575,0.258606695413929,1.79154483729024,-0.216428969995202,0
0.958083832335329,1.3801652892562,-0.348596098989305,0.156144158411468,0.922111986018929,-0.257482806863804,0
1.10493827160494,0.964285714285714,-0.270775006950175,0.255378966191995,1.60530217298716,-0.281442321309491,0
1.53020134228188,1,-0.117807792700232,0.338361572194722,1.99054006230046,-0.0734506602732166,0
1.64367816091954,0.432835820895522,-0.304354028936308,0.272236617832916,1.22516796245571,-0.197790806092525,0
0.988826815642458,0.947089947089947,-0.166140988874046,0.232408178335918,1.58787114630424,-0.206670447757844,0
0.96875,0.930232558139535,-0.454983131573855,0.149572021778628,0.750090096047372,-0.386910688132743,0
1.00606060606061,1.01226993865031,-0.289793221060162,0.17275853252401,1.09938298611114,-0.204566888628183,0
0.992063492063492,0.961832061068702,-0.0170764590415869,0.283150626670322,1.25296434750983,0.114934625051397,0
1.04477611940298,0.978102189781022,-0.0446638294066803,0.297331459778087,1.32868684386333,0.0526294667627252,0
1.50515463917526,0.48019801980198,-0.199951465845098,0.24656475118931,1.2394761914199,-0.158764390837429,0
1.0414201183432,0.976878612716763,-0.256179045534712,0.280643371758852,1.83568331541758,-0.250978084189827,0
0.994413407821229,0.983516483516484,-0.188531094322514,0.275348480885611,1.75680671517732,-0.232780649205344,0
1.02027027027027,1,-0.160042941332668,0.383278359557366,2.08355100469566,-0.229407452968102,0
1.01388888888889,0.941176470588235,-0.210182004885123,0.338653300319411,1.64353863743976,0.237303226507492,0
2.28421052631579,0.736434108527132,-0.0921550875871847,0.487091990409574,2.0919912132141,-0.0397957223415121,0
0.952380952380952,1.07006369426752,-0.26591601468637,0.167529498737143,1.07858151091635,-0.163638960440006,0
1.01428571428571,1.01449275362319,-0.10657454022443,0.242423118664804,1.42205050391791,0.0949284142503465,0
1.02941176470588,0.949720670391062,-0.19306076189332,0.264131603753009,1.73480070431322,-0.233820287986563,0
0.966666666666667,1.02857142857143,-0.257913990560315,0.260711162762644,1.61128225902644,-0.26857560250725,0
1.43262411347518,0.909677419354839,-0.138789104699276,0.442609274723169,2.03031514523784,0.294343591565203,0
1.04504504504505,1.00909090909091,-0.320124262167474,0.474658012611997,1.93338632504227,-0.121248489777585,0
1.05847953216374,1.06875,-0.216920649652267,0.282590375151081,1.88387861183111,-0.208401957420924,0
0.976331360946746,1.02424242424242,-0.308252499654874,0.150502777932439,0.98338168463095,-0.178159304682792,0
0.966101694915254,0.972527472527472,-0.182474233390363,0.27114180762735,1.87978855852151,-0.190682298593994,0
1,1.01438848920863,-0.210756036379433,0.250220377742208,1.24568624287061,-0.0850329136397908,0
1.03636363636364,0.948275862068966,-0.193217933758274,0.284217297357376,1.97016849688919,-0.227691449401781,0
0.925925925925926,1.74193548387097,-0.141963582874456,0.424087973872822,2.2586077843185,-0.100223045604008,0
0.973214285714286,1,-0.203839378745715,0.493827937751577,2.07510472440769,-0.10502486324723,0
1.0421686746988,1.03105590062112,-0.361847755380857,0.16141678556826,0.962217380953369,-0.26402954295602,0
1.04733727810651,1.04320987654321,-0.185389435169494,0.271505086593122,1.84537488744567,-0.204973802790457,0
0.29277566539924,1.52906976744186,-0.300476474864238,0.412041993144106,1.943128376332,-0.242470120651773,0
1.03669724770642,1.96396396396396,-0.552781019050327,0.505128702773888,1.82163507869516,-0.443819325087445,0
0.988372093023256,1.02380952380952,-0.161343244443129,0.238198920262391,1.66300513870642,-0.199453529085804,0
1.03669724770642,0.964601769911504,-0.124154319073964,0.50308933568188,2.00048880312546,-0.19498131909567,0
0.977941176470588,1.00740740740741,-0.190798691369128,0.290061935395762,1.11547024551832,-0.0851609563695431,0
0.987951807228916,1,-0.328042996155387,0.153868204043583,0.938089889717759,-0.2297534100828,0
1.03184713375796,1.02614379084967,-0.372824018100361,0.155285469852494,0.880106277131925,-0.278367926068478,0
1.06962025316456,0.957575757575758,-0.326028963204308,0.269844779194876,1.63280899750768,-0.312596665074196,0
1.075,1.02564102564103,-0.357593544299425,0.155395313123553,0.909112399127618,-0.243825684856965,0
1.00609756097561,0.982035928143712,-0.167362372366773,0.254974822405881,1.85516305353997,-0.155969569567829,0
1.02205882352941,0.944444444444444,-0.299802097425803,0.138068590202717,0.815292846867707,-0.161377013782139,0
1.01058201058201,1.02162162162162,-0.266481923275649,0.223283744023258,1.38997320531966,-0.290901214564259,0
1,0.978723404255319,-0.130983931094908,0.286217564227818,1.26317210277468,-0.131151561451798,0
1,1.04285714285714,-0.167529551530391,0.238386820014215,1.51144095123433,-0.0496374809306897,0
1,0.992424242424242,-0.133290794387321,0.281985509749477,1.20435442941745,-0.0117712186354663,0
1.02684563758389,1.04929577464789,-0.214867850636807,0.271713993901836,1.26955876232308,-0.0627834363879075,0
1.01807228915663,0.943181818181818,-0.151154756845529,0.277964582957951,1.86267675090489,-0.135027834882937,0
0.958620689655172,0.97972972972973,-0.267571436179115,0.25588202285987,1.20007546274539,-0.147954893850527,0
0.987261146496815,0.98125,-0.300709336698881,0.169642532188123,1.00208925090032,-0.179210927627064,0
0.308270676691729,1.57396449704142,-0.11939601023304,0.398815846948522,1.8461184723349,0.027544503674309,0
1.02083333333333,0.986301369863014,-0.270529311854011,0.290046247036502,1.15342018487917,-0.154012044195382,0
0.976608187134503,0.955307262569832,-0.221167577116052,0.272751697744076,1.81681645243452,-0.249434208337646,0
1.0126582278481,0.9875,-0.232308608865147,0.1532981561329,1.01590765685263,-0.111809193428499,0
1.09815950920245,1.00617283950617,-0.2061865633514,0.214385874263247,1.35770752082616,-0.217718789928224,0
1.0125,1.03896103896104,-0.278284695777687,0.158146734602506,1.03865431791637,-0.172696447655488,0
0.972850678733032,1.01376146788991,-0.21827719359008,0.484585835595566,2.14860780157357,-0.209590791895689,0
1.00574712643678,1.04191616766467,-0.237643463912745,0.261450114841367,1.76080126492494,-0.284120603015075,0
0.970238095238095,1.0059880239521,-0.310828715340294,0.278150847157067,1.75066865351704,-0.33322075796801,0
0.99236641221374,0.949275362318841,-0.05658875133105,0.280868888048941,1.2880897952979,-0.0044866551486398,0
1.02173913043478,0.932432432432432,-0.316220249395674,0.260434851081498,1.07413661432281,-0.156189037714111,0
1,1.04733727810651,-0.164442244052137,0.247370732316603,1.64478734430192,-0.195453875671207,0
0.951515151515152,0.993975903614458,-0.045910395847887,0.340238977644408,1.98593662106912,0.498165827963302,0
1.07843137254902,0.944444444444444,-0.269339848422704,0.396671983989892,2.24681163292758,-0.281202354100392,0
0.958579881656805,1.07643312101911,-0.384365394167625,0.423052242964264,1.60157178741048,0.363235149066391,0
1.01351351351351,0.986666666666667,-0.269855865665358,0.256642895498926,1.1706083371495,-0.14074095940847,0
1.01612903225806,1.00813008130081,-0.159959510870722,0.290773699430144,1.11032999847527,-0.0616491966186052,0
1.92173913043478,1.02678571428571,0.0350061894685825,0.484986810758373,2.51184799829671,0.0231242466976432,0
1.04195804195804,0.979452054794521,-0.284560812976618,0.162374393493151,0.966055415607496,-0.190569865007128,0
1,0.973684210526316,-0.309644076145701,0.536201582231988,1.90752488645354,-0.2149558955327,0
0.956896551724138,2.18867924528302,-0.0512171883852445,0.775814249042055,2.845306219476,0.9528820348798,0
1.34210526315789,1.02702702702703,-0.252143644271799,0.257997242515037,1.18583918321919,-0.177594993028829,0
1.01234567901235,0.952941176470588,-0.17589388618749,0.262382908049016,1.78529483842094,-0.188797150360463,0
1.31578947368421,1.09352517985612,-0.343141137746579,0.393010335969023,1.90063306729186,-0.258498088443896,0
1,1.01204819277108,-0.252683403498469,0.150863171784529,0.991682166548268,-0.131732490096497,0
0.988439306358382,1.06134969325153,-0.286968865250572,0.255198677398296,1.52796196555168,-0.322041290941262,0
1.04081632653061,1.03521126760563,-0.336305584767164,0.255806122760806,1.09841611063047,-0.21697699181807,0
1.54676258992806,1.93055555555556,-0.120651240315186,0.36933206677489,1.94855404549972,-0.039119106029687,0
1.42056074766355,0.469298245614035,-0.143340602659454,0.352580193639915,1.86746837304501,-0.0838128210103182,0
1,0.938775510204082,-0.188277644685788,0.261397022602828,1.24591993484774,-0.0694963409195405,0
