signal_std,wl_side,R_val,RR_r_0/RR_r_1,P_val,Q_val,label,is_outlier
0.1748545603341283,109.0,0.7428330096710816,1.0333333333333334,-0.2461656969183389,-0.2325042149722595,1.0,False
0.1523525135961067,101.0,0.6868161502540562,0.3542168674698795,0.0137109959468704,-0.0350197693218689,1.0,False
0.1590409260987557,79.0,0.8305307494010536,0.8513513513513513,-0.0853815848103187,-0.09982851303529,1.0,False
0.1477748040267666,103.0,0.4974791034679932,1.0066225165562914,-0.1886191005954918,-0.2113892903849324,1.0,False
0.1881579073197788,84.0,0.868649065142534,1.0,-0.2371839161801956,-0.2828194231095976,1.0,False
0.123231861256453,105.0,0.6588220815171717,0.5994993742177722,-0.1153434361394214,-0.1356720930710935,1.0,False
0.2526894828537251,77.0,1.510399704073072,0.9316239316239316,-0.0894097684075003,-0.1655960430127042,1.0,False
0.2117759853856654,85.0,1.1054359641686773,1.0266666666666666,0.3572714872850794,-0.1597851890334112,1.0,False
0.1588584192395191,99.0,0.5340498796219527,0.36455696202531646,-0.1960512970378219,-0.2194945959557776,1.0,False
0.1131788551949135,102.0,0.7752070717308914,1.3610503282275712,-0.146151239859473,-0.1204594492714331,1.0,False
0.101361185788471,100.0,0.4990751018953289,2.8473282442748094,-0.0350896567960434,-0.0589589233750536,1.0,False
0.1486873338219247,97.0,0.5466006437088278,1.02,-0.1707857339873311,-0.1994870971132828,1.0,False
0.1271264552643566,100.0,0.2854396605382301,1.0066225165562914,-0.2869285659587032,-0.3002266110243174,1.0,False
0.1569801639631241,104.0,0.4304965007525408,1.0066666666666666,-0.3621851883569814,-0.376184329255142,1.0,False
0.1363591827553003,105.0,0.4079505894351957,0.4164305949008499,-0.2085697403639278,-0.229194681004521,1.0,False
0.1954417670039832,105.0,0.7195897049394222,1.0206896551724138,-0.2402926871174482,-0.2630819545470691,1.0,False
0.0949602797929095,48.0,0.245993607749316,0.7297297297297297,-0.1129831582429964,-0.2103529856052584,1.0,False
0.1526079679214467,97.0,0.6715199567134902,1.0135135135135136,-0.1079502318003692,-0.1556342926416931,1.0,False
0.1470921356894474,98.0,0.5286128948030994,0.27153558052434457,-0.1187600533022835,-0.1914353515433081,1.0,False
0.1362851519687898,116.0,0.5093335066901069,0.9791666666666666,-0.1379355602305047,-0.1588565834285063,1.0,False
0.1182447915116584,96.0,0.4662762275983513,2.289855072463768,-0.0744958247849977,-0.1190287750857118,1.0,False
0.1141438429363771,92.0,0.3509176105722395,1.0,-0.0723152399624755,-0.100693136169974,1.0,False
0.1288233960233714,67.0,0.6390700271054361,1.6626506024096386,-0.2442090526211161,-0.4442710184915733,1.0,False
0.1303478727547013,100.0,0.3065365773959459,0.96,-0.1878212516372729,-0.21,1.0,False
0.106466059934569,102.0,0.5133838399672537,0.7475728155339806,-0.1165536399675937,-0.1216231845580935,1.0,False
0.1395266576031213,93.0,0.4330916452578174,1.0138888888888888,-0.2158974847291249,-0.2446967882020719,1.0,False
0.1619439106838471,105.0,0.7756788826967551,1.0405405405405406,-0.0954326176436765,-0.1222949263959119,1.0,False
0.1419999475482178,97.0,0.4907299707774047,1.0,-0.1608734649150825,-0.2408771763116467,1.0,False
0.1319999222258374,103.0,0.2070243142976544,2.6363636363636362,-0.4700648870628984,-0.530353679652709,1.0,False
0.1693097700588017,69.0,1.0526315707514142,1.7244094488188977,-0.234737200475411,-0.3019253230346513,1.0,False
0.1471491580947272,101.0,0.5565597891216272,0.5,-0.0671208653679006,-0.1074030305192225,1.0,False
0.2408276743441978,56.0,0.7094999706995752,0.390625,-0.3828542342293571,-0.4675330437870298,1.0,False
0.2592444744192322,66.0,1.2358002655642863,1.1272727272727272,-0.1932398365132057,-0.1818945117154644,1.0,False
0.1472945388692197,102.0,0.4429585449225644,0.9931506849315068,-0.2707393986194268,-0.2891317025546552,1.0,False
0.2165731920589862,70.0,1.3307662435355083,2.4727272727272727,-0.2267945471856622,-0.1838675326086025,1.0,False
0.1231990918878612,102.0,0.3203559941185506,1.0069444444444444,-0.1582647787317437,-0.216580837997075,1.0,False
0.1578902840066527,106.0,0.5995416735114292,1.0134228187919463,-0.1031248340110412,-0.1759005359633484,1.0,False
0.0839687384903078,102.0,0.3181259639711398,2.5494505494505493,-0.2381775903088057,-0.1806106395764827,1.0,False
0.1619949154678043,103.0,0.6376379565444038,0.993421052631579,-0.193758430866546,-0.2331788372285286,1.0,False
0.1071896630910439,102.0,0.3707932464671531,2.5985915492957745,-0.2056308309637795,-0.223551135858958,1.0,False
0.1378924881197895,103.0,0.5577457769941789,1.0066225165562914,-0.0805203883006186,-0.098614895677897,1.0,False
0.19484023889665,67.0,0.4130155664630165,0.5047021943573667,0.0573917603028405,-0.2192387936121148,1.0,False
0.1549555217802792,103.0,0.7419855642601498,0.9863013698630136,0.0441094022385795,-0.0243793955724961,1.0,False
0.1353074464963454,100.0,0.5755856005745223,1.0,0.0867315381206825,-0.0752585289237733,1.0,False
0.1805277875465853,97.0,0.9404237850478662,0.9864864864864865,-0.1019167717454834,-0.126327069786026,1.0,False
0.1394133194411909,74.0,0.7311421092555186,0.8243243243243243,-0.1252175476354586,-0.1790247005594257,1.0,False
0.156549677189202,65.0,0.3608860571949837,2.108695652173913,-0.1622989053228305,-0.2431032424929024,1.0,False
0.1285988296451909,103.0,0.2339836197724906,0.9798657718120806,-0.2095093897060199,-0.2276349245138687,1.0,False
0.141869975878084,103.0,0.5600688625815953,0.9867549668874173,-0.1817023079067957,-0.2265170846487946,1.0,False
0.1769925440622848,100.0,0.5947212689765954,0.958904109589041,-0.3418408128355784,-0.3491803455692287,1.0,False
0.210018349799691,64.0,0.7299236465807385,0.41732283464566927,-0.3394729552453136,-0.4094077309360013,1.0,False
0.1527219606129609,103.0,0.4769050293691172,0.9863013698630136,-0.2390985680719394,-0.2489112325448085,1.0,False
0.1419083811576096,104.0,0.6217111979741736,0.35545023696682465,-0.1154315068197185,-0.1423373740550887,1.0,False
0.1701729074172611,100.0,0.6417604229454392,0.6946107784431138,-0.0454155870780944,-0.0844898837395419,1.0,False
0.0775510084082139,88.0,0.3901954973153577,2.053763440860215,-0.1270391683737899,-0.2773225987431572,1.0,False
0.1411604835959415,108.0,0.6059036193413027,0.9736842105263158,-0.0659745254488115,-0.0982931799153431,1.0,False
0.1099626852548611,103.0,0.6139507024415041,1.8821428571428571,-0.1491365948403831,-0.1670065757702568,1.0,False
0.165413100338046,106.0,0.7519774403894459,0.37894736842105264,-0.0648918060508013,-0.1080033366867694,1.0,False
0.1310327970161672,103.0,0.3284500147916895,1.0,-0.1597823452826919,-0.208777366914101,1.0,False
0.157107318639148,95.0,0.5892624705422332,0.383248730964467,-0.1650534046319238,-0.2016843989798118,1.0,False
0.1676865585019143,100.0,0.8105445001678024,1.0070422535211268,-0.0974555607553419,-0.120455538601996,1.0,False
0.1384695449002138,102.0,0.5607166587771759,1.0198675496688743,-0.0903044759033788,-0.0890616947788041,1.0,False
0.1282125755735871,86.0,0.7148268785603571,0.47093023255813954,0.0759889700533271,-0.1351785937311827,1.0,False
0.1611096761325069,96.0,0.7821462367493028,1.0425531914893618,-0.0532928631933381,-0.0978076798973247,1.0,False
0.1468939613911982,100.0,0.4557413949024717,1.0206896551724138,-0.2459424201046112,-0.2637497206587644,1.0,False
0.144620072535582,105.0,0.476615267478344,0.3838120104438642,-0.2021471357748528,-0.2393430045291933,1.0,False
0.1253718683987888,72.0,0.8454334521702741,0.504424778761062,0.0254220362566344,-0.0624225373893618,1.0,False
0.118313871391082,95.0,0.4838092988678639,2.517730496453901,-0.1376283929541175,-0.1835639115490033,1.0,False
0.1226328574765095,104.0,0.4178314607070164,0.9931506849315068,-0.1023912267036962,-0.1419495291116465,1.0,False
0.1752813420849567,103.0,0.5288672037773291,1.0136986301369864,-0.0088535031802065,-0.0718553347417198,1.0,False
0.160046766656841,106.0,0.4570078048777138,1.0206896551724138,-0.2171703128518718,-0.2227171287369697,1.0,False
0.1476680043879311,70.0,0.6477631015999066,2.234042553191489,-0.0599090297671035,-0.103790411247517,1.0,False
0.1377402261977114,66.0,0.7386022995685538,1.958762886597938,-0.0998280055981688,-0.2240786534014858,1.0,False
0.1383118336498944,95.0,0.6225110353531755,1.0,-0.0366133040371762,-0.0779051368815618,1.0,False
0.1186032519099005,104.0,0.5971220006151022,2.8444444444444446,-0.1444642932563784,-0.1835929471511044,1.0,False
0.1373545701245645,94.0,0.6027666463557356,1.0205479452054795,-0.0514187170889766,-0.0886554980398964,1.0,False
0.1154380577911809,104.0,0.4979596858738228,1.0,-0.0113548364816558,-0.2159990092131029,1.0,False
0.1645456025597622,104.0,0.5983231811299248,0.9930555555555556,-0.2608423976148506,-0.3004170501785737,1.0,False
0.1440432965933188,93.0,0.4906876324267041,1.0273972602739727,-0.1603446303186347,-0.2164036310387804,1.0,False
0.1572988124511078,101.0,0.8207673777392506,0.9867549668874173,0.045598780516519,-0.001627512908356,1.0,False
0.1419123321320211,65.0,0.2923198175454011,1.688,-0.4393307033659346,-0.403324919342955,1.0,False
0.166148924213808,103.0,0.830150120533291,0.9866666666666667,-0.0491756956260771,-0.0919670616875795,1.0,False
0.1508980871545908,65.0,0.8183842568821535,1.29,-0.1059708212882818,-0.1468097662701558,1.0,False
0.1460803248066089,105.0,0.355374579766304,0.9794520547945206,-0.322616204926016,-0.3818372179825923,1.0,False
0.0899632645215745,100.0,0.4302097208689282,2.0224719101123596,-0.1478154688833042,-0.1671792139136742,1.0,False
0.1577355561042208,93.0,0.6383063474029647,0.3850129198966408,-0.1571991653226456,-0.1769648508944659,1.0,False
0.1586090264603283,102.0,0.6880016324966823,0.9795918367346939,-0.1617669914520521,-0.1684029725748806,1.0,False
0.1481648361738564,84.0,0.9058228803797184,1.079268292682927,-0.2782186270514279,-0.4861147860523896,1.0,False
0.1568269867826455,105.0,0.5945059937819334,0.9931972789115646,-0.1902340483593371,-0.1947809519000095,1.0,False
0.1409270736506967,105.0,0.341413831691462,0.9736842105263158,-0.2687435827057318,-0.2780713227153392,1.0,False
0.1477930780595693,98.0,0.5608302302492487,1.0422535211267605,-0.1490397527238948,-0.1807437527838074,1.0,False
0.1847054446763445,65.0,1.1805825924772972,1.6111111111111112,0.0286344654476938,-0.0202326986721986,1.0,False
0.147993396533157,102.0,0.5438011365926343,1.0138888888888888,-0.1881406340782525,-0.2256176040555196,1.0,False
0.0930616554153806,99.0,0.1937104789770751,0.9791666666666666,-0.0410125419195532,-0.0803612289399279,1.0,False
0.1625078434448743,88.0,1.0291923759952102,1.1528662420382165,-0.1287359989079251,-0.4346800929335592,1.0,False
0.1173881871446692,105.0,0.412421794014276,0.7253384912959381,-0.1465238126993518,-0.160510369387788,1.0,False
0.1546533112383146,102.0,0.4821966584030911,0.9407894736842105,-0.2120241818903557,-0.2595070985495404,1.0,False
0.2016546092786113,62.0,0.6032034524958804,1.3085106382978724,-0.4055797102521691,-0.4898310926657558,1.0,False
0.147452260016683,87.0,0.611596996393613,1.7168141592920354,0.0890238626928428,-0.3059884395151875,1.0,False
0.1470516914071847,95.0,0.4821328285190094,1.0266666666666666,-0.175865449937733,-0.2258859391208343,1.0,False
0.120609993275405,100.0,0.4288468154857541,2.9770992366412212,-0.2498300119692691,-0.2876976938794294,1.0,False
0.1078802457914727,105.0,0.521051242695179,2.554655870445344,-0.1714075865171754,-0.1437737578678634,1.0,False
0.1438797836611326,77.0,0.7369385000567175,1.7272727272727273,-0.0868205268218768,-0.2367760862204079,1.0,False
0.1447707910139574,65.0,0.8563736586990666,1.819047619047619,-0.2276576073038832,-0.3285626867545941,1.0,False
0.1871012713817862,60.0,0.9494537692700512,1.3409090909090908,-0.1704034222190518,-0.2887193069122045,1.0,False
0.118833537531965,93.0,0.2170267313927475,0.3893129770992366,-0.1597143399119998,-0.185,1.0,False
0.1623520979743817,105.0,0.6406475826574578,0.993421052631579,-0.20170294663927,-0.2295260498347901,1.0,False
0.1469088855316089,102.0,0.652407396651061,1.0,-0.0173542778477329,-0.0727990556895291,1.0,False
0.1094295534710105,102.0,0.5855377915992346,1.828358208955224,-0.2185888191175589,-0.2219998254546974,1.0,False
0.1552711883797587,108.0,0.6296370295739608,1.006578947368421,-0.0995832472702668,-0.1325797002605927,1.0,False
0.2374818084334513,70.0,1.4741758459140173,2.8415841584158414,-0.330423554950684,-0.310085556315483,1.0,False
0.1084712131331967,100.0,0.5636513696572474,1.260215053763441,-0.1868090452261306,-0.2241704850174842,1.0,False
0.1139851386731889,102.0,0.5683942894323193,2.397163120567376,0.063240567784831,0.0044125697844855,1.0,False
0.1726054040729021,103.0,0.7836397296313276,1.0416666666666667,-0.1936170655584164,-0.223882725391912,1.0,False
0.1626978583370541,96.0,0.6313860251962683,1.048951048951049,-0.1080977664421994,-0.1354510591957071,1.0,False
0.1665473494076589,105.0,0.782355642009574,1.0337837837837838,-0.062399034197511,-0.1405344501527003,1.0,False
0.1416468601933598,101.0,0.4165157090080616,0.9666666666666667,-0.2558051957013635,-0.2904467005084633,1.0,False
0.152441190807878,103.0,0.6130801795238446,0.9931506849315068,-0.1863167035362038,-0.2134422466795525,1.0,False
0.276559751807952,81.0,1.294595825008431,0.9065420560747663,-0.4024344538529468,-0.4951804095953495,1.0,False
0.152570230110861,102.0,0.4879736696583306,0.9865771812080537,-0.3071544534346681,-0.3522757967804774,1.0,False
0.1622702312486349,104.0,0.8182468188699565,1.0273972602739727,-0.0110324324472423,-0.0288446090757902,1.0,False
0.1023210976188598,101.0,0.4738301442939516,2.442857142857143,-0.0717301027125202,-0.1109952115392491,1.0,False
0.1125328651575808,104.0,0.4235697293706166,2.7050359712230216,-0.238728530192432,-0.235518906970684,1.0,False
0.1427071424409507,101.0,0.4707211392245858,0.9864864864864865,-0.1611033880240696,-0.227608297447313,1.0,False
0.121796965906343,105.0,0.4248586827686476,2.8142857142857145,-0.2032543299615558,-0.2273803068166204,1.0,False
0.1267387571404579,99.0,0.3827823909678099,0.4454828660436137,-0.1777745996863313,-0.2230651955470269,1.0,False
0.099886868890974,99.0,0.4127402463945948,2.8805970149253732,-0.0965951470621414,-0.1248532719146494,1.0,False
0.159920900976647,104.0,0.5644419475736069,1.0198675496688743,-0.2099671548951388,-0.2280926994436949,1.0,False
0.1842588894157181,63.0,0.8895324320094607,1.619047619047619,-0.2483275647269683,-0.305696663391969,1.0,False
0.1517520926868162,101.0,0.6246686294317663,1.006993006993007,-0.1154040444612818,-0.1640598366109157,1.0,False
0.1399803498782821,102.0,0.3568829493385462,1.027972027972028,-0.2219661540335461,-0.255939125762445,1.0,False
0.1595813096312376,106.0,0.7177816196873492,0.30561330561330563,-0.0991647422016068,-0.1161091024517803,1.0,False
0.1136238407370717,104.0,0.4030734256607181,2.556338028169014,-0.1943730154853999,-0.2158559308779442,1.0,False
0.1769501216392993,100.0,0.6555272276759352,0.4380664652567976,-0.2169633764526492,-0.2543816659945532,1.0,False
0.1770428637871632,81.0,0.93350910963841,1.3421052631578947,-0.0499840783794098,-0.1663631562136719,1.0,False
0.2030487131120244,102.0,0.6357454325527866,1.0273972602739727,0.2657626124342511,0.0916988123434146,1.0,False
0.1271337679545767,105.0,0.3301310805361889,1.0136986301369864,-0.2144609026875935,-0.2027394573022088,1.0,False
0.1114716823357901,105.0,0.3175443371733881,2.748148148148148,-0.2707043796678356,-0.2871564371923572,1.0,False
0.1674861656603778,102.0,0.539940228569012,0.9727891156462585,-0.2458567096027682,-0.3292955542320515,1.0,False
0.155502894820426,103.0,0.5128040457322813,0.993103448275862,-0.2763653644320454,-0.3213103702758345,1.0,False
0.1412307643858944,98.0,0.6042132889887167,0.4349112426035503,0.0390785935626499,-0.011685437441667,1.0,False
0.1516819948867787,101.0,0.5679423288453258,1.020979020979021,-0.1970428077566006,-0.2062407382945521,1.0,False
0.1153328913290029,104.0,0.4953530363959667,0.7899461400359067,-0.3145052186726324,-0.326194299741774,1.0,False
0.1444377802911112,103.0,0.540412615925798,0.2896281800391389,-0.2485819746618748,-0.27,1.0,False
0.1595024028406976,103.0,0.5260866253368393,0.9795918367346939,-0.2465689566710509,-0.2369615367921484,1.0,False
0.1483467162813442,107.0,0.4617626755541679,1.0067114093959733,-0.2023190148842826,-0.222295824726552,1.0,False
0.1790823643719123,67.0,0.7739340501101978,0.6060606060606061,-0.2269153968009626,-0.2682690363195372,1.0,False
0.143158068718882,100.0,0.4929889727917881,0.1655328798185941,-0.1413874824526037,-0.206159319962641,1.0,False
0.1600149717223093,106.0,0.8795083508966808,0.98,-0.0016556128863972,0.0306783636412648,1.0,False
0.1544297425107441,105.0,0.5743670329022548,0.9668874172185431,-0.1891232929969908,-0.203467336683417,1.0,False
0.1299794859754994,98.0,0.4559660449892743,1.0,-0.1452759736217337,-0.1479819153589589,1.0,False
0.1618747360020319,103.0,0.7329808981882199,1.0,-0.0657458342302641,-0.1127660635645859,1.0,False
0.1216001683059037,104.0,0.4317395290924777,2.8129496402877696,-0.1706405696134833,-0.1945728643216079,1.0,False
0.2630562496281475,62.0,0.9636154822917656,0.4711111111111111,-0.2451088946064568,-0.2989881741823364,1.0,False
0.1479864443982929,102.0,0.4091608186577425,1.0689655172413792,-0.3240096529153966,-0.3689120944159676,1.0,False
0.0883383863465691,103.0,0.405669174384612,2.1478599221789882,-0.096332440564595,-0.1282495971498535,1.0,False
0.1346976427454267,64.0,0.8494790798398102,2.03125,0.0967083528330733,0.0138125119429445,1.0,False
0.1555626000476631,103.0,0.5916916632025155,1.027972027972028,-0.1365026364959838,-0.1911898488624149,1.0,False
0.1594786531956495,102.0,0.5166316312709195,0.34498834498834496,-0.2420953029947449,-0.2718872756022082,1.0,False
0.1459642962027509,49.0,0.49345954874155,2.2674418604651163,0.1803100644631675,-0.0018241239701909,1.0,False
0.1205617421808621,104.0,0.0555926860510109,0.9527027027027027,-0.2639501287685862,-0.3447628123893301,1.0,False
0.1503344366500616,106.0,0.5908166004779978,1.0129032258064516,-0.0980430072522302,-0.1345600567645096,1.0,False
0.2017579645799003,66.0,0.9938501794073792,1.1840796019900497,0.3503027623919309,-0.3651871649893434,1.0,False
0.1008035624803365,65.0,0.3038091947797831,2.3763440860215055,-0.279528866936693,-0.4190893696294969,1.0,False
0.1379711135609124,107.0,0.426639382616246,1.0272108843537415,-0.1638218798771376,-0.1679643400616494,1.0,False
0.1685608935312615,72.0,0.8800087107652729,1.1015625,-0.0026664297420056,-0.1927734049509998,1.0,False
0.1226645610810068,100.0,0.4382095532953091,0.9930555555555556,-0.0281619086652686,-0.0395809321786826,1.0,False
0.1398038948743664,101.0,0.597454029465151,0.9797297297297297,-0.0789632069866915,-0.1102196489115342,1.0,False
0.1845528043952048,52.0,0.8462270375562314,0.6222222222222222,-0.1186934673366833,-0.1292311367560889,1.0,False
0.2402182779284844,91.0,1.407957084116761,1.0227272727272727,-0.1270114747354071,-0.2200755392111274,1.0,False
0.1336781618965451,93.0,0.2682505368795374,1.0136986301369864,-0.2664566751138242,-0.3062410811085544,1.0,False
0.261512745934322,67.0,1.038459811192638,1.1145833333333333,-0.4492959089442711,-0.4611049055352172,1.0,False
0.1402456362467532,103.0,0.4559509112084528,0.9931506849315068,-0.1872425889619813,-0.2098859487085816,1.0,False
0.1618631232200506,97.0,0.8600013694478642,1.0337837837837838,0.021688655664642,-0.0056849365310253,1.0,False
0.1476788231741571,103.0,0.6860300195991724,0.9932432432432432,0.0106338745437893,-0.0171541341378317,1.0,False
0.1589294806238162,95.0,0.6174498751342998,0.39892183288409705,-0.1424085266087922,-0.1822497144456129,1.0,False
0.1607719949811973,102.0,0.5656602402034109,0.9657534246575342,-0.137408885356731,-0.165,1.0,False
0.1490585583448224,100.0,0.5994091013562655,0.2693032015065913,-0.0133130117886896,-0.045,1.0,False
0.1162098338603382,101.0,0.3500421566810712,0.3803191489361702,-0.0607203929236426,-0.1146796622439133,1.0,False
0.1476075948671152,105.0,0.4376586511938852,0.39841688654353563,-0.2687235409833287,-0.2981435440672333,1.0,False
0.1189254107688404,94.0,0.1240002933992718,1.0567375886524824,-0.2865858132903512,-0.3149958957621992,1.0,False
0.1607868674181681,100.0,0.6366953419659012,0.9594594594594594,-0.1662974532016747,-0.1722361809045226,1.0,False
0.1457310919603585,74.0,0.3961253432949961,2.393617021276596,-0.3826352648231519,-0.4808823627766649,1.0,False
0.1710912552410002,96.0,1.0669247739929772,1.0,0.0957561134367256,0.065862984347459,1.0,False
0.132013402244263,99.0,0.5142643586991997,0.9865771812080537,-0.116144820530232,-0.1718413041305576,1.0,False
0.1282316778339058,101.0,0.4635468233016324,1.0,-0.1673683116602183,-0.1871324221094457,1.0,False
0.1019031066279887,102.0,0.4040952139622272,2.7714285714285714,-0.0696914042730605,-0.0585774673550893,1.0,False
0.1092806223651186,104.0,0.34185526273062,0.689419795221843,-0.2916025586529813,-0.3436555873786878,1.0,False
0.1703324642493368,107.0,0.8367583185423941,0.9801324503311258,0.0053754942398394,-0.04,1.0,False
0.1664548159019609,105.0,0.7693524641744292,0.360381861575179,-0.114689302718947,-0.1445405637397052,1.0,False
0.0953842246997648,105.0,0.256197178350722,2.8529411764705883,-0.2164876880032745,-0.2699508905994897,1.0,False
0.1076886043944035,101.0,0.3344876923585733,2.7664233576642334,-0.1930495277493263,-0.2126844250857327,1.0,False
0.2041639893922372,65.0,0.7028210891752542,1.8137254901960784,-0.0898536013692877,-0.3046063295113918,1.0,False
0.1555778227174623,107.0,0.5064503250150745,0.9931506849315068,-0.1479418715042439,-0.2510643893803889,1.0,False
0.1789926720508276,100.0,0.6781839821541905,1.0,-0.2583409746265876,-0.2699918988147101,1.0,False
0.1127942669860923,105.0,0.5409567119158131,2.495967741935484,-0.1538151482790086,-0.1645472967991005,1.0,False
0.2467740433909996,69.0,1.5152627922168196,2.6216216216216215,-0.1997226328564636,-0.1933408299727605,1.0,False
0.1358130427204425,104.0,0.660397160276798,0.948051948051948,-0.0180387117423899,-0.0294564216804273,1.0,False
0.1398261859626388,67.0,0.812751255064871,2.351063829787234,-0.1050202384214829,-0.1247719805639928,1.0,False
0.1226814673463901,77.0,0.4314279069024417,0.4090909090909091,-0.1023332915953438,-0.332298478875092,1.0,False
0.1118745976749093,103.0,0.4554198880856058,2.4755244755244754,-0.1068391308402747,-0.130251256281407,1.0,False
0.1612365906089132,106.0,0.721740606172538,1.0202702702702702,-0.1558813633490582,-0.1561666861883106,1.0,False
0.1697625272548042,104.0,0.91092852788538,0.9798657718120806,0.0090532423603996,-0.0652311721160451,1.0,False
0.1609657700951739,102.0,0.707964342705194,0.2631578947368421,-0.049309202508721,-0.0603205444046906,1.0,False
0.1562365327822602,104.0,0.687224368390984,1.006578947368421,-0.0583658320290606,-0.0615503175160358,1.0,False
0.1197641214244767,100.0,0.4356014258264715,2.9477611940298507,-0.1850761886589478,-0.2078982797629927,1.0,False
0.1058140365524104,95.0,0.33207283735989,0.38605898123324395,0.0053753475682197,-0.0437644252789029,1.0,False
0.1286438176215346,96.0,0.4904814933991118,1.0342465753424657,-0.0158613871686938,-0.0315152833963275,1.0,False
0.1507927987019692,101.0,0.6782790914127793,0.9736842105263158,-0.0116093741635034,-0.0178155590573442,1.0,False
0.1415867390451862,103.0,0.4943260470209457,1.0413793103448277,-0.2565971848128839,-0.3023786852157405,1.0,False
0.1408231392125985,103.0,0.5339405280233369,1.027972027972028,-0.0793043903773429,-0.1205149561537919,1.0,False
0.1607589294413525,95.0,0.5693025925354231,0.3967828418230563,-0.2370574343089339,-0.3009387713983628,1.0,False
0.1383449453214115,105.0,0.7057027143718774,1.0335570469798658,0.058853612697908,0.0237661027514952,1.0,False
0.1234276428447878,95.0,0.4440737596531408,0.98,-0.0728532601280384,-0.1707968651157291,1.0,False
0.1732257577436136,103.0,0.6447325021763949,0.40607734806629836,-0.2295532196846582,-0.2577454539409052,1.0,False
0.1967353666290197,50.0,0.8661936641394026,1.2597402597402598,-0.0858447465917082,-0.0841226765290625,1.0,False
0.1356464177887061,93.0,0.3632023813332321,0.37142857142857144,-0.1390996496727554,-0.2553138043872424,1.0,False
0.1556061457308638,98.0,0.7641179202704054,0.9602649006622517,0.0127215199171796,-0.0161802939697417,1.0,False
0.1324424013646042,105.0,0.4112432857088491,2.066666666666667,-0.2262488049685267,-0.2777074005237459,1.0,False
0.1238000510092342,101.0,0.3861438456631457,0.9724137931034482,-0.1088390643509337,-0.1733554671708317,1.0,False
0.1434817172914403,104.0,0.5343063165243694,0.26895306859205775,-0.2105569305383581,-0.2367816172394976,1.0,False
0.1578210014497267,105.0,0.5514915363279146,0.9864864864864865,-0.1980129247692447,-0.2096457942629225,1.0,False
0.1277687269765513,97.0,0.651778489122149,2.5211267605633805,0.0353608149474612,-0.0382335631589176,1.0,False
0.1948992012391821,54.0,0.7050260831693292,2.3181818181818183,-0.4401958898782532,-0.5355281525166056,1.0,False
0.1205925582458248,98.0,0.3830965248113597,1.387900355871886,-0.1925005328681389,-0.2005276749981897,1.0,False
0.2103704264836683,57.0,0.7817196753791749,0.9358974358974359,-0.2863177429026894,-0.3132786378314917,1.0,False
0.1324033932706964,107.0,0.5886151689139735,0.9931506849315068,-0.0290714629999919,-0.0428183252968074,1.0,False
0.110859907647241,100.0,0.4559967793558829,2.7883211678832116,-0.0363785738760496,-0.1480418319989881,1.0,False
0.161837604239218,105.0,0.473995159400846,1.0067567567567568,-0.2190325715073108,-0.301605391757989,1.0,False
0.1263137387607172,101.0,0.4484025132158772,2.6950354609929077,-0.2578167501749006,-0.2688474040519515,1.0,False
0.1393755014492173,64.0,0.687346387277304,2.191780821917808,-0.1262958377930849,-0.1761789083100687,1.0,False
0.2789882917498809,108.0,0.328383179456041,0.9290322580645162,0.3200693934656631,0.2244471748822558,1.0,False
0.1649471755856461,102.0,0.5689712077021588,0.9731543624161074,-0.2868863436650582,-0.3111595657838972,1.0,False
0.0722406260397922,64.0,0.2498870602257569,2.326530612244898,-0.2576834074975079,-0.3070468168800506,1.0,False
0.1494183638677362,107.0,0.5638781615875041,0.9681528662420382,-0.0741647115171814,-0.1298316188892928,1.0,False
0.1159819956419915,105.0,0.4248539240739993,2.5985401459854014,-0.3186661888736978,-0.3486912715725214,1.0,False
0.1562227734517383,104.0,0.4487055108493828,0.9736842105263158,-0.2611340077248001,-0.2988259238598209,1.0,False
0.1561301370762924,105.0,0.5190317984880856,0.9551282051282052,-0.223658943437382,-0.2542226681953237,1.0,False
0.2289032311492046,108.0,0.1070189691948617,0.9246575342465754,0.0312175184263299,-0.1142184337756676,1.0,False
0.1225315041345597,97.0,0.5370517483392211,2.579710144927536,-0.0735467247789439,-0.1189258199244097,1.0,False
0.1136687781838968,55.0,0.5560657120711762,1.4528301886792452,-0.1363194893971127,-0.2726873748739991,1.0,False
0.0924405456849531,73.0,0.929961623667527,1.9779411764705883,0.0809217489730221,0.0883156383867084,1.0,False
0.150762337453078,97.0,0.5734592871953014,0.3937007874015748,-0.1872305071803091,-0.2295520313503861,1.0,False
0.1279082195701789,93.0,0.4849510294783067,0.9798657718120806,-0.0960658220056554,-0.1523251883922023,1.0,False
0.1338077728045373,102.0,0.6497336308132647,0.9731543624161074,-0.0133134037249674,-0.0417398344045376,1.0,False
0.1721839230254392,71.0,0.3985177106805815,0.7450980392156863,-0.4061591355092679,-0.5110387547139683,1.0,False
0.152912702370088,95.0,0.7161094038656381,1.0070422535211268,-0.0307049724780572,-0.0511289794117387,1.0,False
0.1166636114224912,67.0,0.7182410714650623,0.865546218487395,0.0003628174211848,-0.1787104494060606,1.0,False
0.0898656113659103,93.0,0.2595947900260692,2.4296296296296296,-0.1595728666872778,-0.2328035833133521,1.0,False
0.1471453077209953,100.0,0.3239194364951119,1.0142857142857142,-0.24199566645862,-0.2476130653266331,1.0,False
0.1572321489974618,105.0,0.5664316134985006,0.47435897435897434,-0.1912451634987581,-0.1995611472016737,1.0,False
0.1192210835288414,105.0,0.3868125712655444,2.289855072463768,-0.2650808276089491,-0.2585012395928228,1.0,False
0.1303345994935015,94.0,0.4815986494443869,1.0273972602739727,-0.1052764280402102,-0.1518635400863558,1.0,False
0.1500768037793402,68.0,0.694873850090347,0.5840336134453782,-0.2439606899777401,-0.3036948918899161,1.0,False
0.1476659249308294,107.0,0.7168469660946095,0.24833333333333332,0.0030636800535152,-0.0075770962084995,1.0,False
0.1767447283168587,102.0,0.8046613641596947,0.9801324503311258,-0.0978295962089323,-0.1032763812555763,1.0,False
0.2226834812124249,72.0,1.3061634256630217,2.5619047619047617,-0.2114062270891099,-0.2097204347270389,1.0,False
0.1648124378540312,86.0,0.9763753346413132,1.1730769230769231,-0.2605953152901049,-0.6249588697452639,1.0,False
0.1575869977522772,104.0,0.4763212999038814,0.3730964467005076,-0.2244357888177161,-0.2346971102816968,1.0,False
0.1361945181815325,65.0,0.5391896736367178,2.2244897959183674,-0.1868592964824121,-0.1986435454658581,1.0,False
0.0867700515081476,105.0,0.6503207456966175,3.48582995951417,-0.0044554778458113,0.0615317468961666,1.0,False
0.1396833538072947,58.0,0.1597748844328526,0.9699248120300752,-0.411518428630252,-0.6586579113075072,1.0,False
0.1094041068568793,96.0,0.5132437498270198,2.4782608695652173,-0.0456837529278115,-0.0755271350672246,1.0,False
0.1171540960605302,103.0,0.4338664802311447,3.1313868613138687,-0.2189769171881091,-0.2119153510880393,1.0,False
0.1245903537867739,101.0,0.3764933999261515,1.0283687943262412,-0.0910265581279902,-0.1099068843084411,1.0,False
0.1676561682962729,100.0,0.7040896448841825,0.98,-0.1880591481155167,-0.247786921097154,1.0,False
0.153327811247072,98.0,0.5877461819420235,0.40710382513661203,-0.1649800628543221,-0.1980021136336579,1.0,False
0.1594046653768482,99.0,0.6522327483093162,1.020979020979021,-0.16,-0.1858403372515444,1.0,False
0.132413604001839,102.0,0.5069357984512276,1.0,-0.1549075437749408,-0.1928894472361809,1.0,False
0.2572840109516718,100.0,0.6039562061887266,1.1481481481481481,0.049962936965635,-0.1028928924246735,1.0,False
0.1145854176271718,105.0,0.6174407984546149,2.725925925925926,0.1005928958994746,0.0871027304498567,1.0,False
0.1280681446354063,102.0,0.3377574748444827,0.993006993006993,-0.2045586880820845,-0.2196565576673784,1.0,False
0.1718678186447917,64.0,0.7353844333627254,2.5876288659793816,-0.0368161600639142,-0.2301361302775128,1.0,False
0.1092700088938965,102.0,0.6013718717790336,3.1203007518796992,0.0002558791588627,-0.0286282638994441,1.0,False
0.1898106353759646,90.0,0.5616333990569004,1.7642276422764227,-0.2865584886972627,-0.4914724082455735,1.0,False
0.1518531718453897,100.0,0.4781403060146967,0.9933333333333333,-0.2486876889660805,-0.3078993609460954,1.0,False
0.1296708493340099,104.0,0.5619782540437376,2.742424242424242,-0.2089238526568545,-0.2275028053775478,1.0,False
0.1604026731709938,102.0,0.5574106593346837,1.0,-0.1611533186617621,-0.2871838427747784,1.0,False
0.1703909587423635,105.0,0.7152486773459816,0.9867549668874173,-0.1377668514735132,-0.1781654503592832,1.0,False
0.2769071770113334,68.0,1.3009880706788213,1.0843373493975903,-0.2499080660328885,-0.2761734558461866,1.0,False
0.2293108048765598,55.0,0.836505842960801,1.9405940594059405,-0.0537169944642235,-0.228631323552557,1.0,False
0.1040803344473276,102.0,0.2928181141960118,2.6857142857142855,-0.2317105081026096,-0.2258057821802133,1.0,False
0.0989391978994508,95.0,0.3523485313449678,2.4518518518518517,-0.1280381257512775,-0.158286807203837,1.0,False
0.1522250548855601,65.0,1.0723550046679071,2.4148936170212765,-0.141671568879156,-0.2188160438952537,1.0,False
0.1435566642186563,96.0,0.3911565078684539,1.0272108843537415,-0.1710282013676267,-0.2109920847428768,1.0,False
0.1325019509787393,100.0,0.4656298478860934,0.26666666666666666,-0.0487901642431308,-0.1192099243722911,1.0,False
0.1647838108391877,103.0,0.5617455588537044,0.9738562091503268,-0.2228431713578193,-0.2453880289785952,1.0,False
0.2087356380831115,62.0,0.623137522451561,1.5579710144927537,-0.0950164496533216,-0.0699232626433479,1.0,False
0.0878116076816886,105.0,0.349312220484559,2.207885304659498,-0.1519151272531758,-0.1388478731514179,1.0,False
0.2618789134011454,74.0,0.8733856645981855,1.0222222222222221,-0.0026776438080117,-0.2108756709768909,1.0,False
0.095620866645473,107.0,0.1847210957242927,2.8768115942028984,-0.2901954824950469,-0.2548954273431603,1.0,False
0.1449400166829122,100.0,0.3923221535789246,2.1343283582089554,-0.2160747709376074,-0.4190722303137091,1.0,False
0.1403884803062135,69.0,0.4960942592380471,2.358695652173913,-0.4126543575623023,-0.5417213582708642,1.0,False
0.1328093538520454,102.0,0.6140121495378519,2.7518248175182483,-0.0361038359715987,-0.1577664939088782,1.0,False
0.1275942204175892,86.0,0.7289453503121096,1.2,-0.1712737525447839,-0.5630248830486253,1.0,False
0.1400638701058617,98.0,0.3670493960923487,0.9724137931034482,-0.2415091521922143,-0.2654876513908613,1.0,False
0.1641384730360175,91.0,1.0057791596373815,1.1511627906976745,-0.1666222137270392,-0.5097715231534068,1.0,False
0.1150799894437993,77.0,0.396062095789531,0.6814159292035398,-0.2556193088031144,-0.5214630025299671,1.0,False
0.1180673021125427,45.0,0.3761869065218,1.3142857142857143,-0.1684168543561328,-0.2090666701419974,1.0,False
0.1492869278307535,100.0,0.626779854393865,0.9930555555555556,0.0738533027240948,-0.0746331598872259,1.0,False
0.175940799730515,101.0,0.6868103463471411,0.9735099337748344,-0.2370119452963112,-0.2652366760679711,1.0,False
0.2263720925099427,67.0,1.269084314114718,1.1906976744186046,-0.2164844191966531,-0.2647348633972847,1.0,False
0.130730985720191,107.0,0.4297009391275976,2.6666666666666665,-0.2064232062365555,-0.286355592245446,1.0,False
0.1709147616772937,102.0,0.735199198479733,0.9673202614379085,-0.1185053573288978,-0.1402723200449479,1.0,False
0.1423101872123613,106.0,0.4587339996333782,0.9932432432432432,-0.2129244616650575,-0.2314042843125275,1.0,False
0.101081907979585,105.0,0.4771283689422999,2.7777777777777777,-0.0039960177196583,-0.0148068044167282,1.0,False
0.1512371880678504,105.0,0.5145576958928658,1.033112582781457,-0.2524187280270728,-0.2844363306265325,1.0,False
0.1299726747425593,101.0,0.4267828780050877,1.006896551724138,-0.0954844815947598,-0.1609199674109528,1.0,False
0.1024440489945584,62.0,0.3382972852665273,1.2720588235294117,-0.1770539733957957,-0.291962377511371,1.0,False
0.1711275159232006,95.0,0.7017479922967151,1.049645390070922,-0.2108928210787317,-0.2525459812471992,1.0,False
0.1627680781158227,106.0,0.814036397848158,0.9731543624161074,0.0107464076979489,0.0044988219565168,1.0,False
0.1492650111549817,106.0,0.5738704468422094,1.0066666666666666,-0.1365372389498322,-0.1400375571123679,1.0,False
0.168477904060947,77.0,1.0203811324097072,1.1754385964912282,-0.1968844634405956,-0.3989672071347848,1.0,False
0.1146193858793928,88.0,0.8561446419220644,1.96875,0.11951219003893,-0.0651761952844059,1.0,False
0.1699620533426801,97.0,0.6086466349681561,1.0277777777777777,-0.27,-0.2775209976987043,1.0,False
0.1340610335253234,107.0,0.3492469975665052,1.0136986301369864,-0.2236148806491673,-0.2383544235603014,1.0,False
0.1511347722850224,105.0,0.4462763755220544,0.967741935483871,-0.1317222236223586,-0.1995877410792925,1.0,False
0.157017658859339,104.0,0.5431064529256999,1.02,-0.247035175879397,-0.2755314800473866,1.0,False
0.1367501060933308,103.0,0.4817744704648956,0.9801324503311258,-0.0795054729828261,-0.2529142057672951,1.0,False
0.1503366535910853,58.0,0.921147920259222,2.101010101010101,-0.1500774521382681,-0.2474180469908784,1.0,False
0.1455073422223799,94.0,0.6409371193908082,1.028169014084507,-0.0946172230981082,-0.1204055237042384,1.0,False
0.1392865684949789,107.0,0.383907832650791,1.0272108843537415,-0.2273110269730492,-0.240589938039952,1.0,False
0.1430575397394422,107.0,0.6286313895822387,2.6879432624113475,-0.2270469006530412,-0.2807853131754219,1.0,False
0.1579862825411922,99.0,0.6364413074795081,1.0,-0.1521459966323109,-0.1590946277618186,1.0,False
0.1459655342004773,102.0,0.5675259733400543,0.2845849802371542,-0.1047245988019738,-0.1458656929064996,1.0,False
0.1620731622544097,97.0,0.728621180929173,0.4015957446808511,-0.0857577406040987,-0.1009100752007578,1.0,False
0.1268005074307487,100.0,0.3919282298245505,0.4311377245508982,-0.1405906632585717,-0.15,1.0,False
0.1942781266649942,81.0,0.9868932642400224,0.9802631578947368,-0.1188690630616248,-0.2195652307744575,1.0,False
0.1230844428359707,101.0,0.4373329345871413,0.9724137931034482,-0.034484342701788,-0.0712179722185558,1.0,False
0.1857975235692864,56.0,1.0103950453656123,1.5221238938053097,-0.2903020359878706,-0.3523672785560849,1.0,False
0.2607111467924795,65.0,1.2928170980696327,1.2,-0.2145207395199604,-0.2342809741575176,1.0,False
0.0895460455319274,102.0,0.3729622297396668,0.7582846003898636,-0.1350623869614748,-0.175032828962326,1.0,False
0.2756662473210904,77.0,1.393808335481768,1.0714285714285714,-0.278956971762531,-0.3426450366620607,1.0,False
0.1540903780845802,72.0,0.9637422884725828,1.1124260355029585,-0.3444851640085982,-0.4159424848821823,1.0,False
0.2462349614536445,61.0,0.8164400332182999,0.38235294117647056,-0.258089530065054,-0.3135956141026599,1.0,False
0.1100402993663978,100.0,0.4477620954922813,2.576642335766423,-0.2260034214761205,-0.2577386934673367,1.0,False
0.272129701612369,62.0,1.1939333719254694,1.035294117647059,-0.2082470457690102,-0.2403169412724144,1.0,False
0.1018544596263116,105.0,0.4745774099661925,2.476,-0.2918749452154924,-0.2974728457001682,1.0,False
0.1585052853993909,100.0,0.5773093453260568,0.4798657718120805,-0.2169485559841705,-0.2618454021062585,1.0,False
0.1455851692695408,105.0,0.4790741770552356,0.9932885906040269,-0.1756742109069083,-0.2096682816758656,1.0,False
0.2186934696252206,77.0,1.210776296056948,2.5636363636363635,-0.1674196556502875,-0.1820040705204418,1.0,False
0.1842950377745857,98.0,0.8686639011274949,1.0208333333333333,-0.11,-0.145,1.0,False
0.0765818995168164,61.0,0.2591167018077519,0.9952153110047847,-0.1614407174513449,-0.2287283078887094,1.0,False
0.1631099327986729,105.0,0.6737465249110066,0.3923076923076923,-0.2350251256281408,-0.2894510007355446,1.0,False
0.1442142551378759,105.0,0.4812200633363931,1.028169014084507,-0.1653194512540673,-0.1972067363883154,1.0,False
0.1202122931531068,105.0,0.6225802986379726,2.7246376811594204,-0.0998705840653201,-0.1107807690613786,1.0,False
0.1267222025686818,102.0,0.6575517072931224,2.6323529411764706,-0.0389491051964935,-0.1143054963305047,1.0,False
0.1635320081854414,107.0,0.6229049830450979,0.1707865168539326,-0.2393220209897266,-0.2522689545518199,1.0,False
0.1404609773047344,76.0,0.6376035700659142,1.5725806451612903,-0.1898370961233656,-0.4234675310171684,1.0,False
0.1444279539904884,99.0,0.4300604642242794,0.9929577464788732,-0.2103524314111078,-0.298012782967983,1.0,False
0.139009820791015,102.0,0.352715550695069,1.0,-0.2393467336683417,-0.2661042478773036,1.0,False
0.1861093450660173,65.0,0.4524140833027524,2.3333333333333335,-0.5315985960773268,-0.5484914566208654,1.0,False
0.1562937818728549,105.0,0.6277079131096468,0.4198250728862974,-0.0452277800855124,-0.0713302809118686,1.0,False
0.1443697824875416,100.0,0.5358124132374018,1.0335570469798658,-0.1370724111209225,-0.173654263366127,1.0,False
0.1206733344588673,102.0,0.5383210916136187,1.3758620689655172,-0.1529405055357713,-0.1749599125891202,1.0,False
0.09128744241118,99.0,0.2330138476610212,2.740740740740741,-0.2034004875016534,-0.2378352228979109,1.0,False
0.1015108063802608,104.0,0.6367241535274422,2.045112781954887,0.0293387955058268,-0.0166798980043493,1.0,False
0.1109966814527068,67.0,0.7768230354848986,2.168539325842697,-0.0249545707552459,-0.1148654975832197,1.0,False
0.2158287951145154,67.0,0.89251150111273,1.1324200913242009,-0.4405991221481149,-0.4847800562830602,1.0,False
0.1414578482333088,100.0,0.4503919937811419,0.9803921568627451,-0.2167527340834595,-0.2363202123891759,1.0,False
0.169999861535322,103.0,0.6217275571040866,1.0068493150684932,-0.1783167309083665,-0.1963913852599305,1.0,False
0.1631284185444957,65.0,0.9235920458287884,0.9065420560747663,-0.0917765419612288,-0.1844000763753219,1.0,False
0.1399361896254203,103.0,0.2547418739367013,0.9798657718120806,-0.3382985749770067,-0.3795478744415411,1.0,False
0.0971921180249273,94.0,0.384558289883318,2.6589147286821704,-0.1162808936140947,-0.1090478903680057,1.0,False
0.153729411590537,103.0,0.7715969861655237,1.0067114093959733,-0.0208855694491723,-0.065961164880195,1.0,False
0.1510285475620119,102.0,0.5447577369034798,0.9738562091503268,-0.1878433197692303,-0.18789350833573,1.0,False
0.1367689084621281,102.0,0.6701366017419401,0.974025974025974,0.0465396116527311,0.0385058251063681,1.0,False
0.1004398102953471,102.0,0.3427582633072627,2.744360902255639,-0.1659491070334244,-0.2120868550990155,1.0,False
0.1426897864383197,101.0,0.4097838162456811,1.0,-0.2322201012010933,-0.2338387330172481,1.0,False
0.1606825128681295,104.0,0.5887662327939827,1.0205479452054795,-0.2005885626085957,-0.2403595224528482,1.0,False
0.1925576020724362,105.0,1.0317535414043266,0.932,-0.1928089710691696,-0.3240973453658626,1.0,False
0.168702699757644,99.0,0.6836005383938156,1.027027027027027,-0.1422508298615057,-0.1889879295455676,1.0,False
0.0706530196151343,75.0,0.0789058234975846,1.088235294117647,-0.1498088725037165,-0.2249055412305624,1.0,False
0.1619409066715764,87.0,0.9026645401950164,1.6166666666666667,-0.0839344364794875,-0.1805317405490977,1.0,False
0.1325849161722971,105.0,0.276410619034716,0.38219895287958117,-0.2225829343471268,-0.2551970462763262,1.0,False
0.156455793985562,65.0,0.4694930551389591,2.236559139784946,-0.3576094459124294,-0.3438955774108019,1.0,False
0.0987004423837538,53.0,0.3421250560941639,0.7158273381294964,-0.2327140018712027,-0.404740978737456,1.0,False
0.156662763386789,102.0,0.6617689066740438,1.0273972602739727,-0.1617431258941194,-0.1884666498720244,1.0,False
0.1560854594374173,102.0,0.475650266027745,1.0,-0.2012751802299622,-0.2300930564105961,1.0,False
0.1567667256448309,102.0,0.6972442273336764,0.9932885906040269,-0.0739013177911248,-0.0796167977632108,1.0,False
0.1665448766564206,98.0,0.5934583687568175,1.006896551724138,-0.1583855795031226,-0.234385452118714,1.0,False
0.0947495543223854,102.0,0.3020046791948555,2.4895104895104896,-0.0908787958947005,-0.152232441815766,1.0,False
0.2250802742166258,64.0,1.1592943593542722,0.8968253968253969,0.1677590681237735,0.0294413217146801,1.0,False
0.1170450196490705,100.0,0.5006042273438712,2.617021276595745,0.071901752490714,-0.0704809901364718,1.0,False
0.1233898113015925,107.0,0.5802328223813533,2.7357142857142858,-0.1044131766495149,-0.1182667997142013,1.0,False
0.1893844204019596,77.0,0.8430231673058093,1.9272727272727272,0.0230303906894334,-0.0279880310458149,1.0,False
0.1512800910988263,95.0,0.6939071664366846,0.4049586776859504,-0.0745772378988882,-0.1150748834320819,1.0,False
0.1099354042065981,65.0,0.7693168652781173,1.5984251968503937,-0.0960602660784293,-0.2167489808008661,1.0,False
0.1067513506455845,101.0,0.4900177828505261,2.925373134328358,-0.1504270102976018,-0.1639485777901548,1.0,False
0.209205193718676,73.0,0.8308252269856843,2.4954954954954953,-0.1371056420397345,-0.158823020550118,1.0,False
0.1345402954677153,102.0,0.5402786174725773,0.948051948051948,-0.0735375783128818,-0.0964092125711961,1.0,False
0.1525708428571976,102.0,0.7359369068297761,0.967741935483871,-0.0041688770539367,-0.0122281554201931,1.0,False
0.1276080724901062,71.0,0.6327738048888392,1.5909090909090908,-0.1918006121506518,-0.3248373976772439,1.0,False
0.1485553420149011,105.0,0.759390131006589,1.0205479452054795,0.03827295262692,0.0019468936102775,1.0,False
0.1670329278259006,98.0,0.8172991501710536,0.9866666666666667,-0.0451322102143907,-0.0493915481158045,1.0,False
0.19955570739049,72.0,0.620377514804844,2.5,-0.2581581363182545,-0.2679710519694893,1.0,False
0.10868681207278,102.0,0.6697699153276465,1.8615916955017302,-0.1724423364917202,-0.1459114471532428,1.0,False
0.1647557779018167,106.0,0.6677651658592056,1.0134228187919463,-0.1584649094301516,-0.1972436323641213,1.0,False
0.1297353467030881,98.0,0.3843783805584715,0.972972972972973,-0.0713911292797161,-0.177588983378744,1.0,False
0.1046422046656031,104.0,0.5516240450366477,2.1316872427983538,-0.1438795543443795,-0.156949736525814,1.0,False
0.1692286232500716,98.0,0.6240643687567952,1.0129870129870129,-0.2167438246029527,-0.2391574220369416,1.0,False
0.1762524164611965,105.0,0.8048933239125686,0.9798657718120806,-0.1466630209985771,-0.2034366702257398,1.0,False
0.156472788963439,100.0,0.9034230564580444,1.006896551724138,0.1041594319563304,0.0773279232519168,1.0,False
0.1346868942982692,101.0,0.3872367925033061,0.3983739837398374,-0.2023366834170855,-0.215280081338231,1.0,False
0.1217832567174539,71.0,0.9554862802743476,2.080808080808081,-0.0145917982122377,-0.1194025960977064,1.0,False
0.1418175913042355,103.0,0.437524930842794,0.9930555555555556,-0.1451936964105923,-0.1568685954647692,1.0,False
0.1554109004581608,106.0,0.6851658102472891,0.3204868154158215,-0.1105880480743423,-0.1593310322641986,1.0,False
0.1404470606133855,102.0,0.4335672472206681,1.0205479452054795,-0.1093452333431985,-0.1404009423653517,1.0,False
0.1194159293715986,96.0,0.3423735707640102,0.9797297297297297,-0.1979922169703951,-0.2074135892928986,1.0,False
0.1507567435401327,100.0,0.5598993463664923,1.0,-0.1790955331195065,-0.1932638537526478,1.0,False
0.1368788145968672,104.0,0.3639654694736431,0.37851662404092073,-0.2816834729567415,-0.3004330401255796,1.0,False
0.1671742975162304,103.0,0.6650261944250735,1.0,-0.135,-0.19,1.0,False
0.1299083450821234,73.0,0.5665914132601804,0.7368421052631579,-0.1266640886835875,-0.2885366264761497,1.0,False
0.1557476232356671,107.0,0.4980253950086329,0.9554140127388535,-0.2385741291784882,-0.2857416237458019,1.0,False
0.158033282746679,105.0,0.7598411421895666,1.034013605442177,-0.0112176307960868,-0.020795464775117,1.0,False
0.2471431393286969,85.0,1.473797730854433,0.9629629629629629,-0.1247672950658497,-0.1600039776740082,1.0,False
0.1368011389977015,102.0,0.4573638166686469,0.26811594202898553,-0.1018753955286344,-0.1205485044207398,1.0,False
0.0977312328006321,103.0,0.3635901718695939,2.310344827586207,-0.0730768968031225,-0.2078193261168812,1.0,False
0.1028371260719548,70.0,0.2182146170925335,1.1006711409395973,-0.2389303606991151,-0.300883666193748,1.0,False
0.1366580391978935,93.0,0.4362914313753118,1.0214285714285714,-0.1245187993184846,-0.2023367198067268,1.0,False
0.1125483284387694,100.0,0.3632569960752033,1.6173285198555956,-0.2793668401686751,-0.2650622269997749,1.0,False
0.1579949366181563,100.0,0.4685254384327182,0.34032634032634035,-0.2593679704742112,-0.2852055702913616,1.0,False
0.1780632260120407,102.0,0.4971624741849098,0.9805194805194806,-0.2026384406032098,-0.3090525139408263,1.0,False
0.1801381785414824,106.0,0.7414319429539669,1.0134228187919463,-0.2098092948465278,-0.2199999999999999,1.0,False
0.1232125021846465,106.0,0.50708375543848,2.264705882352941,-0.2130710793988771,-0.2369881925947536,1.0,False
0.1493195574522605,104.0,0.3835474524334298,1.013793103448276,-0.2598971258978815,-0.3337910376642561,1.0,False
0.1016439935957675,103.0,0.3531163559196846,0.7621832358674464,-0.2386057299381708,-0.2604691911919303,1.0,False
0.1648308944228386,109.0,0.6217360779209516,0.3094262295081967,-0.2687657837333195,-0.2832275787658316,1.0,False
0.1223125574921363,101.0,0.3744560311353756,0.9586206896551724,-0.1053015075376886,-0.1743653793640668,1.0,False
0.1383582603627359,100.0,0.5562304303503925,2.208955223880597,-0.1735174965135096,-0.2057641911050493,1.0,False
0.1382753379021635,100.0,0.3642669441037398,0.958904109589041,-0.1890398591092923,-0.249189173990959,1.0,False
0.1544995456735499,100.0,0.5862179219132653,0.9662162162162162,-0.22,-0.27,1.0,False
0.1011573118878617,105.0,0.4725624848281173,3.311023622047244,-0.2355302174032584,-0.239509982377041,1.0,False
0.1341657076770815,102.0,0.5456997329249623,0.3104166666666667,-0.0081590071644587,-0.0287414007878308,1.0,False
0.1127666471802612,104.0,0.3202962510776178,2.5328467153284673,-0.034798552384872,-0.2081887256119469,1.0,False
0.0919965046178458,102.0,0.335682785575326,1.4669117647058822,-0.1715547153063603,-0.195263499694532,1.0,False
0.160677225230528,103.0,0.4396074213398803,0.986013986013986,-0.2859004992257429,-0.3188599635611531,1.0,False
0.1210472636707969,102.0,0.7064043224418118,2.661870503597122,0.0863813001080467,0.0003027946739473,1.0,False
0.1527368942647239,97.0,0.5344307983572401,0.37192118226600984,-0.2094207436100042,-0.2529773011788655,1.0,False
0.1099658878854741,77.0,0.7552721649563592,1.5522388059701493,-0.0730101863605075,-0.1677834654015867,1.0,False
0.130893389928221,103.0,0.237940252824683,1.0133333333333334,-0.1530011588748863,-0.2483579096609778,1.0,False
0.1158499548007612,95.0,0.6783623184457472,0.6521739130434783,0.0375671796463365,-0.1591847749476503,1.0,False
0.1521415108729572,105.0,0.4663738781486177,1.0068493150684932,-0.268726706743974,-0.2835269778613037,1.0,False
0.1655689073228048,103.0,0.6988310622438734,0.2440273037542662,-0.2155962960010226,-0.2391262902375659,1.0,False
0.1432795950452616,78.0,0.4719827953759245,0.9473684210526315,-0.035740141858979,-0.0460842568083634,1.0,False
0.1100344839744454,96.0,0.3330343095687882,1.0,-0.1429056050764157,-0.1939358739748595,1.0,False
0.1870507227316433,101.0,0.6924041222779558,1.0070921985815602,-0.2041986535994489,-0.2128013547080557,1.0,False
0.1180855132472915,100.0,0.292710000261645,2.6423357664233578,-0.3560942622925167,-0.3790280538329577,1.0,False
0.1432900225432441,100.0,0.1362155907483118,0.9931506849315068,-0.3312817803943328,-0.3407474683552877,1.0,False
0.1155730898601011,79.0,0.8745360433554117,2.3789473684210525,0.0257662152181897,0.0004813216102825,1.0,False
0.1678320723177677,97.0,0.7086189512789626,1.013793103448276,-0.1478907367377821,-0.1734295709741196,1.0,False
0.2188889279627051,70.0,1.5116863380043222,1.9183673469387754,0.041693645082285,-0.0055960972844031,1.0,False
0.1656573924640566,102.0,0.6575445341498838,1.0,-0.229627125814894,-0.2803891103014618,1.0,False
0.1519936157505392,94.0,0.4729928506926829,1.0205479452054795,-0.202659609430654,-0.2873781199591908,1.0,False
0.145714925800075,100.0,0.4406145025157405,0.9419354838709677,-0.361149868881032,-0.3578944132759831,1.0,False
0.1119725101005128,95.0,0.5849747833629377,2.621212121212121,-0.0582660264862931,-0.0913587252344775,1.0,False
0.0829300233036505,100.0,0.3306957072413697,1.8376383763837638,-0.0809547738693466,-0.0897445978721116,1.0,False
0.1327654274318111,102.0,0.4127132927250615,1.0,-0.1191133804693465,-0.1219346733668341,1.0,False
0.17114945224366,109.0,0.6395047312029836,1.013157894736842,-0.2375769396562844,-0.2845878315311869,1.0,False
0.1656099978877922,102.0,0.7570247940437477,0.1298932384341637,-0.1390544581086568,-0.162865054967513,1.0,False
0.1370701669938398,98.0,0.6425360520907073,0.3753280839895013,-0.0268936361373569,-0.0589520833033493,1.0,False
0.1549684221180643,102.0,0.6199714242434915,1.0,-0.1574607741470741,-0.1580384297402045,1.0,False
0.157567841095687,102.0,0.4327332597205591,1.0352112676056338,-0.269819815421899,-0.3287932894392603,1.0,False
0.1783476771417122,67.0,0.6280050758069993,0.4577777777777778,-0.4558774089131809,-0.5660781920523303,1.0,False
0.2282509128034044,48.0,0.5571281370370602,1.431578947368421,0.2664597887620717,-0.2082108254719035,1.0,False
0.125734519495979,100.0,0.3254214598668075,0.993006993006993,-0.1742920815602723,-0.2333542580325186,1.0,False
0.1075028294729762,100.0,0.4431051518024091,2.6423357664233578,-0.2528894472361809,-0.2579497450977802,1.0,False
0.11631596139971,98.0,0.4146351380091351,1.013986013986014,-0.0257849053052223,-0.0719298645056722,1.0,False
0.1727710746885803,95.0,0.8469832544565319,1.0273972602739727,-0.1281695378982607,-0.115,1.0,False
0.2064985036952717,55.0,0.5785517391020935,1.1566265060240963,-0.4299115755819832,-0.5128590352976556,1.0,False
0.1489616024275981,106.0,0.4598016371564947,0.24271844660194175,-0.2378883622956971,-0.2595728643216081,1.0,False
0.1754532616510968,100.0,0.5466181348145334,1.0068493150684932,-0.3759514499563674,-0.396443016887741,1.0,False
0.1590555201758386,105.0,0.5150335100691941,1.013793103448276,-0.1360649489322421,-0.2446826293567908,1.0,False
0.111976354463358,101.0,0.6772285515322374,2.1142857142857143,0.1136839553044093,0.0542409129090038,1.0,False
0.1595729913338027,104.0,0.5135151393287415,1.020979020979021,-0.2985062626174207,-0.3392996892240424,1.0,False
0.1654023525410283,103.0,0.8039007562891011,1.0337837837837838,-0.1020863059832541,-0.1132931251564315,1.0,False
