signal_std,wl_side,R_val,RR_r_0/RR_r_1,P_val,Q_val
0.2617881555385277,116.0,1.8096748039814323,0.96,-0.182510282094454,-0.4519713456472941
0.2690105263382827,102.0,1.1741847810716075,1.0694444444444444,-0.1694234301124211,-0.3669432627857675
0.1478600214007538,109.0,0.9376436077993092,0.9567901234567902,-0.1896374771746903,-0.5326114028128457
0.6743250260176031,154.0,2.64546411974106,0.8571428571428571,-0.4912571006960364,-0.5061291486273495
0.2372859173464202,105.0,1.161082483526234,1.049645390070922,-0.0604298446546394,-0.3338991790813694
0.4750026898997015,73.0,2.233415468003861,0.9649122807017544,0.0486142780278329,-0.2497392272333031
0.2678997872080729,118.0,1.587449815362603,1.0171428571428571,-0.4074652865330267,-0.641210988119087
0.164670671526484,107.0,1.0628352354196482,0.9447852760736196,-0.2234599812422332,-0.5458567247713153
0.2404337077651448,95.0,1.5611149588203332,1.0601503759398496,0.1105776857918276,-0.1682718049257998
0.2342275777815591,98.0,1.1395791242458406,0.952054794520548,0.0319187358127682,-0.2395233917899217
0.4075181280027777,111.0,1.9717558488427551,0.993939393939394,-0.3585992409607019,-0.3781978425764903
0.1549908593324845,123.0,0.9055136943439404,1.04375,-0.1927222678882701,-0.4995055134785158
0.2458364042949877,118.0,1.5380101070413672,1.0,-0.3186332926292583,-0.542733764303495
0.1689285303358428,114.0,0.9972395993109148,0.96875,-0.1419965034205505,-0.4918909878344717
0.2835931259712251,127.0,1.7221388740678325,1.0508474576271187,-0.2685464252426454,-0.5581426138698837
0.2835328681667775,94.0,1.1452865076893108,1.0465116279069768,-0.0782583785375899,-0.3860844635960153
0.2642954876597459,97.0,1.2532338980418145,0.9444444444444444,-0.0152870067137486,-0.2723772935726044
0.2693438067530104,104.0,1.198331248361893,1.0069444444444444,-0.1108234579492139,-0.3491363961933513
0.1435481474955094,112.0,0.9316161493885508,0.9878048780487804,-0.1590818248661748,-0.4910657153411731
0.274436756968878,117.0,1.8027504590096948,0.9649122807017544,-0.2651563433029341,-0.5440054238520924
0.2569169352926346,117.0,1.6692620356061332,1.0338983050847457,-0.3208486428587728,-0.6009857591364648
0.4687376933879756,77.0,2.145523070002996,1.009090909090909,-0.1402587017563808,-0.4459766249155461
0.284420016409417,93.0,1.5186863749736954,1.0,0.1850644144147534,-0.0788084443720887
0.24987114695921,114.0,1.5716650888107582,0.9700598802395208,-0.19,-0.4369950900683466
0.3006577938789974,94.0,1.3511460472766723,0.9586206896551724,-0.0434772782248136,-0.2841158129391389
0.1698036904689614,107.0,1.2022596412388298,1.0064102564102564,-0.1071299096928719,-0.4211128346526604
0.3556080416216955,148.0,1.9207880748233253,1.0205479452054795,-0.1551997521911199,-0.2425702383240562
0.2743439157888881,114.0,1.7272981158158849,0.9825581395348836,-0.219443373102613,-0.5129095135196777
0.501194267011244,75.0,2.4175389179656666,1.0,0.0728508567405836,-0.2400934678296127
0.2685808507651228,95.0,1.221137390361887,0.9788732394366196,-0.1023905288993919,-0.2947445719198057
0.4735816915572696,79.0,2.246332901247366,0.847457627118644,0.162117623280453,-0.1894822878345076
0.3688681779735597,102.0,1.889850472346968,0.9161676646706588,-0.1931605873658846,-0.3099059094416047
0.1504782434978105,108.0,0.9659870084908728,1.0,-0.2232508295971654,-0.5156012914715427
0.2632455912023266,99.0,1.2361956840090065,0.993006993006993,-0.1120582295239541,-0.3329682974884917
0.237145571763081,124.0,1.6037802229072438,1.0105820105820107,-0.244882151938745,-0.4821857259912956
0.2670170371876671,98.0,1.1339848259195058,0.9395973154362416,-0.1642174901495349,-0.4028098494301993
0.2338816366494292,121.0,1.5988299049436312,0.9714285714285714,-0.2157636089400801,-0.3662193796570816
0.2722519307297281,121.0,1.6851691166338028,1.046242774566474,-0.2645622295678055,-0.459787650865162
0.5995482684474943,154.0,2.599321320332927,1.0267857142857142,-0.5758688784273625,-0.6437248480885329
0.2714892913325636,116.0,1.6847550890857794,1.0368098159509205,-0.3482870469720432,-0.6027178051115971
0.1420744920078825,135.0,0.9694894359342126,0.9705882352941176,-0.2098872767571407,-0.5106737338065721
0.1543078827006992,109.0,0.8570772775169353,1.006060606060606,-0.2708149072155605,-0.5554149985810225
0.2455034446001442,139.0,1.3154634385650754,1.042857142857143,0.0065005895610928,-0.1928863159170337
0.2327907827673845,126.0,1.6370788639150649,1.0054945054945057,-0.2000423955445028,-0.397329995098192
0.2539310035758459,101.0,1.1094231336372211,0.9798657718120806,-0.1651609508032923,-0.3865492314623807
0.2694593451549313,100.0,1.1791787527040911,0.9671052631578948,-0.17469971134158,-0.3827375359562623
0.1481266403646209,111.0,0.8504062386267794,0.9761904761904762,-0.2862864149609549,-0.6238259406980664
0.3042755865518505,108.0,1.3064073219079897,1.0662251655629138,-0.6615632139256433,-0.8907987959936188
0.1570921750541787,109.0,1.0208201492045768,0.9936305732484076,-0.1933588048605072,-0.5728733690634108
0.257860756521122,128.0,1.7778321488439977,1.0174418604651163,-0.2819190628327619,-0.4659915727113875
0.2662006315672693,98.0,1.2120725722650425,1.0071428571428571,-0.0487707529731144,-0.3151963303116223
0.2506781011335705,123.0,1.6408498500488145,0.978494623655914,-0.2011934329996798,-0.5109153243553604
0.2656652427025369,118.0,1.6490538055981498,0.9944444444444444,-0.316088067980862,-0.4935071258809295
0.277413060487124,123.0,1.7494662720047016,1.0,-0.3440301705559235,-0.5260344712421241
0.2601284335995941,118.0,1.5066577205624654,0.9766081871345028,-0.4357238558547445,-0.6702179359540614
0.1512323090671874,110.0,0.9533343449568024,1.0060975609756098,-0.161632328519446,-0.5082470683828995
0.2858627700759939,112.0,1.8247246164754205,0.9883040935672516,-0.3259133086613824,-0.6311181241628427
0.2185124469738626,105.0,1.0460619484906344,1.037037037037037,-0.1773445984795185,-0.3948519595912705
0.1525596900754706,118.0,0.8999933855003254,1.0440251572327044,-0.2725427485519373,-0.4998035575240049
0.2765096360086057,121.0,1.842238385157136,1.0368098159509205,-0.2336598174152311,-0.5185544425162025
0.1638516619301429,116.0,0.9773501889129996,1.024390243902439,-0.1974745221996347,-0.510212646512244
0.3944244152961207,110.0,2.224320439258928,1.0264900662251657,0.1848756523852908,0.0909134668838622
0.2395450079397699,119.0,1.614894865425738,0.9488636363636364,-0.2508280866714837,-0.5176313968047597
0.1691532271546237,121.0,1.0632330940594812,1.0426829268292683,-0.1314083017163178,-0.4174154797452384
0.4882184360819597,78.0,2.013624410217225,1.018181818181818,-0.4449460527934172,-0.6212476669397073
0.5029221538811842,80.0,1.676007935601363,0.990909090909091,-0.5067107132888939,-0.8622523338048538
0.2649554526133602,110.0,1.6786500061250922,1.0248447204968945,-0.3067289383827596,-0.6178621775410152
0.3623340044285627,113.0,1.5931078836697594,1.0764331210191085,-0.1275342483329304,-0.3042030474238352
0.235551214660918,121.0,1.5023006586368373,0.9565217391304348,-0.2260679047043234,-0.4461810014455891
0.1665379163023677,112.0,1.0973113929573293,1.0061728395061729,-0.2005173452769491,-0.5230179258067521
0.2481428708050524,108.0,1.3828063849689205,1.0068493150684932,0.0561333623124914,-0.2146779295259006
0.2734962324649657,96.0,1.270060915787289,1.0357142857142858,0.0400324220670559,-0.2416447498450811
0.2589739787908762,127.0,1.577843872638679,1.0350877192982455,-0.3533528421758373,-0.5958289294079964
0.484986810758373,93.0,2.511847998296709,0.9385964912280702,0.0231242466976432,-0.2281254364932466
0.2548218725937823,100.0,1.334418142897913,1.0359712230215827,-0.0711393034275105,-0.1844426090592942
0.3495012726767603,123.0,1.840972874347224,1.0171428571428571,-0.1180115668716981,-0.1603051367621483
0.517710588557887,77.0,1.975366226152218,0.9736842105263158,-0.1279351185454433,-0.5964762194182837
0.1462453611170158,109.0,0.7648676332988662,0.9644970414201184,-0.2723299584975883,-0.5908917952081509
0.2472328251073325,128.0,1.5994641860362668,1.0511363636363635,-0.2103302989885054,-0.4694715606800536
0.2544436287871736,135.0,1.5297054312673155,1.1474358974358974,-0.1660459513078651,-0.283053210757801
0.2675385480914541,99.0,1.195077005164185,0.9586206896551724,-0.1033274241775833,-0.3309540366134033
0.148444715483014,107.0,0.8263339175107337,1.0,-0.2557219818928731,-0.5358010172934771
0.4592696021305671,74.0,1.9512977093903885,1.0275229357798166,0.1370328717124804,-0.141998300498935
0.1604491077931842,112.0,0.999355070934859,1.0,-0.1183627439879635,-0.4697629337331929
0.2809176043642066,97.0,1.745024397974558,0.9928057553956836,0.5061335349378564,0.0605895879201724
0.2543295224964921,104.0,1.2376990439838744,1.0507246376811594,-0.0205767784148148,-0.2886194466109475
0.5211992830824992,76.0,2.400954242356253,0.9727272727272728,-0.1334707611374014,-0.4036362939752471
0.2456347531676933,102.0,1.1731849303730253,1.0211267605633805,-0.0487052512522137,-0.2933574400047273
0.230043794403126,123.0,1.4965629468778192,1.0402298850574712,-0.279676966765956,-0.4812701644431901
0.2695213882872361,122.0,1.755172461274754,1.0542168674698795,-0.2810104908096097,-0.5657412774526119
0.1478644083593068,120.0,0.9320847159710816,1.0256410256410255,-0.2155014596286516,-0.6011199110835004
0.2615163836770843,103.0,1.184925204585028,0.9865771812080536,-0.145183905437322,-0.3633454605732591
0.3938556554250288,123.0,2.1230897934894752,1.05,-0.1523048474121327,-0.1967916748381768
0.1540144714117308,116.0,0.8816417578251144,1.0421686746987953,-0.1631486974820614,-0.5408405017340339
0.1600363948516193,114.0,1.0075570912206755,1.013157894736842,-0.2339640095073391,-0.5380372759166862
0.257312804676897,118.0,1.6252242109078383,0.9766081871345028,-0.2820438676486257,-0.5249513446698562
0.2491135126069931,99.0,1.2812229833449562,0.9859154929577464,-0.0444765360430238,-0.1980072289191223
0.2684524208512465,118.0,1.8157257264767148,0.95,-0.2455585413546707,-0.4969174415798977
0.2617165763342813,98.0,1.2380683613074674,1.014388489208633,-0.1436212642143109,-0.3427500587974744
0.2596917644599626,114.0,1.6223882572941524,1.0379746835443038,-0.2664784177568433,-0.4751710424957877
0.2995354971827073,88.0,1.3971843070744876,0.9632352941176472,0.045696433434427,-0.2103908735645722
0.2529412193443573,123.0,1.6405542644909428,1.0251572327044025,-0.3239730474999215,-0.5904601296815213
0.5126167263652286,75.0,1.7623193476096386,0.990909090909091,-0.397817325868002,-0.7792766152623394
0.6142962143717915,88.0,2.0466884123457554,0.9818181818181818,-0.0070848471975134,-0.4771308501879616
0.2865752014786512,83.0,1.2955962248206416,0.9635036496350364,0.129532199546653,-0.2150704287963333
0.4876853561183206,78.0,2.039700985534256,1.0092592592592593,-0.0488787570421428,-0.477243626311032
0.2707617524543135,123.0,1.8373108957478508,1.0654761904761905,-0.235526988465188,-0.4689467492623286
0.27745619747686,116.0,1.7420113294550674,1.0123456790123455,-0.2001961670800766,-0.4762629459316825
0.2696108854655178,120.0,1.817635238383073,0.9887005649717514,-0.2710950967494435,-0.4778010737495794
0.2519009505398683,121.0,1.8043712068566569,1.0112359550561798,-0.0953311339321372,-0.3488280833733981
0.2295359343476174,117.0,1.3559824753015222,1.0559006211180124,-0.299974989733425,-0.5693055060708566
0.2773450612293028,98.0,1.3357337079186804,0.9668874172185432,-0.0879454932134289,-0.2714208373602709
0.1402514306904018,109.0,0.7702514378099228,1.0,-0.1310342413541167,-0.537118316145684
0.1818894629626813,110.0,0.9799649247606668,0.9685534591194968,-0.2330216407528177,-0.5526434651585979
0.4901317966300406,80.0,2.082618921139819,0.927927927927928,-0.0788538208761124,-0.4320366778050349
0.2730329534323039,125.0,1.892845577389132,1.0289017341040465,-0.223925502993584,-0.5297635511061828
0.2507167488580457,118.0,1.6642847719008071,0.9719101123595506,-0.2988702720605853,-0.5594794209827186
0.2119699264228582,118.0,1.2549924425055832,1.03125,-0.1903732117808648,-0.4749028224458604
0.2517958640752602,125.0,1.6635255734814591,0.9781420765027322,-0.2001218260136644,-0.3478704750062674
0.2061414831050164,119.0,1.3451360392693683,1.0,-0.285,-0.4726856225367549
0.2267889309698168,107.0,1.77474597330455,0.9575757575757576,0.1027400667417945,-0.1499951605239554
0.3519280228917381,159.0,2.1598125786826574,1.0,-0.0606376735401073,-0.1327739958129102
0.4106624299849972,111.0,2.0370470290258527,1.0,-0.1619139155406774,-0.2335105869328048
0.1485422479554109,111.0,0.8343218558098816,0.975,-0.2820160410457858,-0.6031090922518598
0.2296214960278629,116.0,1.397471734880232,0.976470588235294,-0.329699612818433,-0.5875401268957348
0.2550747562537221,98.0,1.169416079960044,1.0215827338129495,-0.1653390574835269,-0.3315673949778253
0.371646180241399,107.0,1.953259568053128,1.0198675496688745,-0.1607528726012249,-0.2868968462889585
0.4903990919656254,78.0,1.880757488032384,0.9732142857142856,-0.3881307154974453,-0.7010303522541599
0.1505027779324394,115.0,0.9833816846309495,0.9814814814814816,-0.178159304682792,-0.4697329122701926
0.1434838114125666,107.0,0.8397938752439412,0.98159509202454,-0.1971799859594201,-0.5745139948400507
0.2523144623997901,120.0,1.6910253054304685,1.0112994350282485,-0.2226568176554591,-0.4091605185655729
0.2911024029024422,96.0,1.3358516382845644,1.0307692307692309,-0.0017586473659441,-0.2774244245032999
0.4932939594441522,79.0,1.9935543940905247,1.0267857142857142,-0.5002542561657102,-0.6556992334876235
0.1693854756588708,107.0,1.1793062479897385,0.9808917197452228,-0.0649290115124258,-0.3721422467580483
0.1509982600620789,106.0,0.9301354745000812,1.0,-0.2062993132484736,-0.5115301817930151
0.2669927139561505,120.0,1.8090292675636404,0.9882352941176472,-0.3706317304767434,-0.5491020284279807
0.2314395908442179,105.0,1.3169190742438963,0.9430379746835444,-0.3735803587673333,-0.5559285520977988
0.2895560450447686,91.0,1.289397376096011,1.0075187969924813,-0.148361703090728,-0.3101423969505683
0.4076814101290255,170.0,2.2273724945911857,1.0124223602484472,-0.2384930124705149,-0.3512646045484037
0.2454778950027131,125.0,1.6138280983311213,1.0647058823529412,-0.264596523439802,-0.4862772899250782
0.2423284895900241,126.0,1.581752166598106,0.9720670391061452,-0.2470580145258594,-0.4598913838476099
0.3935182886022032,108.0,2.060767761534717,1.054054054054054,0.2746341794247096,-0.2662199703097477
0.2286399032992765,132.0,1.356555393767076,0.989071038251366,-0.2482543473561461,-0.455809890104936
0.4912940130149623,78.0,1.9554981014171533,1.0186915887850467,-0.1934753777527344,-0.6019068088426524
0.263468125959268,126.0,1.5322875433336298,1.0297619047619049,-0.514723080734264,-0.7942796752629394
0.2694461447567993,121.0,1.660810842777476,0.9774011299435028,-0.2815451986818132,-0.5397882626708599
0.2811093411815962,128.0,1.8218639883114311,1.0511363636363635,-0.3207940754280038,-0.5901945849996849
0.3714136027878516,162.0,2.184681397675182,0.9818181818181818,0.4044213282790473,-0.1780878293537637
0.511789146576178,78.0,1.8908948725378507,0.9572649572649572,-0.3654942080682607,-0.7809431537422431
0.2598277976402439,125.0,1.661572431709084,1.0355029585798816,-0.1859419946308808,-0.4803896766719139
0.2460751505102495,122.0,1.5232283910324869,0.9883720930232558,-0.2360710983658278,-0.4946860476183466
0.5008919904653857,74.0,2.289197436737721,1.018181818181818,-0.0749522810602668,-0.487249859378216
0.301790669849402,86.0,1.4991109953821438,0.9924242424242424,0.1606048897335246,-0.0581225229554082
0.2071772721690761,116.0,1.1780764638120775,1.0384615384615383,-0.1370733466061652,-0.449661360684358
0.2709414462452347,116.0,1.883790376040546,0.9941520467836256,-0.215070963578128,-0.5327055200202212
0.2570967120251994,96.0,1.2065208206069988,1.0218978102189782,-0.050299516056593,-0.3024219902233573
0.5398832851102615,80.0,2.4872359112851607,1.009090909090909,0.3813050896722208,0.0095130165648976
0.2555200668905518,96.0,1.198901277226632,0.9452054794520548,-0.14,-0.3007355432644667
0.4063497264251638,104.0,2.0386969496794274,1.0124223602484472,-0.1224454779689399,-0.2039503327726757
0.2720029959003385,119.0,1.716897798684323,0.9942857142857144,-0.3084859902416384,-0.5576048385519802
0.2682321368960014,117.0,1.731929603516508,1.0179640718562877,-0.2744965030380208,-0.5531255143516529
0.2785433124523452,123.0,1.7274950767165966,1.0797546012269938,-0.3088508335157527,-0.5997562765152595
0.2787404668562745,98.0,1.075884149976659,0.9477124183006536,-0.1331443963357949,-0.4089012522488476
0.2711418076273502,128.0,1.87978855852151,1.035294117647059,-0.1906822985939945,-0.5078909228602527
0.2501582971174643,100.0,1.2327606722596247,0.9859154929577464,-0.049279771282044,-0.2293978333670854
0.3508739728738699,114.0,1.862437478090753,0.9938271604938272,-0.04792715575173,-0.1677116741856124
0.2541542417415403,103.0,1.2518788852478149,1.0344827586206895,-0.0570154556800413,-0.2956153801816102
0.2749061373855163,122.0,1.759276622080581,1.0,-0.3111809918438528,-0.585800173512786
0.2652816893405037,121.0,1.7854901016045746,1.0,-0.2467500043731012,-0.5316423754732691
0.2512760939475033,121.0,1.6076630109940169,1.023391812865497,-0.2934298316157905,-0.5314798947739405
0.4057180351044174,117.0,2.225428424275539,1.017751479289941,-0.0801869392071156,-0.1918714747002468
0.2972185300091109,91.0,1.2467048562223564,0.9366197183098592,-0.0602439327771754,-0.4035804936106241
0.1695022023174998,120.0,1.0786282078876588,1.062111801242236,-0.1646956322914148,-0.4838808996481089
0.1486273038414704,116.0,0.9907953228339972,0.975,-0.1514166977760599,-0.4791265479554107
0.2602036108170685,123.0,1.6892361931090598,1.049723756906077,-0.3129210767318068,-0.5578927934140491
0.3031175853740604,81.0,1.1064014729170888,0.9015151515151516,-0.1703628836600759,-0.4479874531954714
0.2713839819250673,119.0,1.7889620413400444,0.9943181818181818,-0.2909333352849375,-0.6097123687468566
0.2698837101638233,130.0,1.7445366550228267,1.0391061452513966,-0.2724596528170007,-0.4539008662231472
0.2590917396861761,99.0,1.2327081576093284,0.9793103448275862,-0.0626520844263237,-0.3026425602874797
0.2600460378066703,121.0,1.681320153664155,0.9782608695652174,-0.3845763118757503,-0.6493498698558948
0.5419464777824038,81.0,1.9772302750688824,0.9322033898305084,-0.1787222706851789,-0.6560446956207402
0.27602890010197,103.0,1.245785966936848,0.9738562091503268,-0.0279727875402815,-0.3036194232318357
0.483116199970822,76.0,2.2028096482174973,0.9391304347826088,0.0240560226548427,-0.2961811999526717
0.2673494875160574,123.0,1.8050021384302293,1.0833333333333333,-0.2491577224776627,-0.5009391613874568
0.2708511301063169,88.0,1.2023973819111942,1.023076923076923,-0.0018215265284728,-0.1779034877273483
0.2484275315892033,107.0,1.151462740148653,1.0287769784172662,-0.1839197858524439,-0.3693806290634425
0.1588748639538619,107.0,0.9132831926580404,0.940828402366864,-0.185660417280989,-0.4743493784234077
0.2744330710209655,109.0,1.7410363303854242,0.9010989010989012,-0.2767948981401487,-0.5415494715779303
0.2461113689546269,135.0,1.2867614053971823,1.0,0.009960539701817,-0.1344834854923797
0.2603997814078947,100.0,1.7382203969244077,1.0208333333333333,0.0018882575668224,-0.2610268336594376
0.2605064930404023,103.0,1.3114397690942925,1.0211267605633805,-0.0087718727028013,-0.2421390640211455
0.2659982414960856,111.0,1.6766565252717784,1.0,-0.2622125689607192,-0.4768543989082229
0.2544033039063608,127.0,1.5384918482120682,1.048913043478261,-0.4521082418470263,-0.7120559973696371
0.3707799827822517,97.0,1.9323750006766445,0.9666666666666668,0.4278146435415887,-0.1565813729875353
0.4251246469853592,117.0,2.011017878604412,1.0239520958083832,0.3264628652509209,-0.2587109830745264
0.2198116544671834,109.0,1.230949568619067,0.9570552147239264,-0.2124479897593562,-0.5247508551540981
0.2620535304217802,119.0,1.6890283395912986,0.994413407821229,-0.3137213981685475,-0.5750915746630949
0.2684889612605551,123.0,1.8105777131338832,1.0529411764705885,-0.224861435372792,-0.4871282707657771
0.2685015143851338,116.0,1.7326321361503756,0.9831460674157304,-0.3106878152787491,-0.6070832620555473
0.1519571039638712,138.0,1.03851166978334,1.0617283950617284,-0.1915462513378153,-0.5126271827035278
0.2386895894277713,95.0,1.5306146026337586,1.0305343511450382,-0.0871489824627269,-0.3238002611537698
0.3763065378198093,156.0,2.2439829068683994,1.0127388535031847,-0.2035479815787349,-0.2108201185902056
0.1521116032972059,108.0,0.8802492351609947,0.9302325581395348,-0.2377797061359122,-0.5614657513756318
0.2577073807887124,98.0,1.2608208545931296,0.9793103448275862,-0.0081553519874267,-0.2313575454583708
0.2589165266382022,95.0,1.4036201301523112,1.037593984962406,-0.3619770664761866,-0.4951903824471156
0.2486858440515656,100.0,1.189436018287995,0.9794520547945206,-0.1078134008656145,-0.2890622689422503
0.2831839224129964,94.0,1.2071128466389085,0.950354609929078,0.024392998135792,-0.2665172595698141
0.2790911862845439,128.0,1.5777409483027385,1.0441988950276244,-0.4237342034297852,-0.6966160033416192
0.2666652314340161,100.0,1.2660206283543032,1.0071942446043165,-0.0960606244082854,-0.2593580150168165
0.251652056000355,123.0,1.7481265629021925,0.9835164835164836,-0.2687434344334379,-0.4375121040127665
0.5179924097701794,79.0,2.046038789016475,0.9478260869565216,-0.4229012390830151,-0.7662277460756373
0.2587124768053142,95.0,1.1629145474679303,0.9517241379310344,-0.1747657415822634,-0.3994448087894585
0.2229426942527999,128.0,1.4060757408651976,1.0292397660818713,-0.2990876444966994,-0.5227955926880369
0.2668170830673824,114.0,1.818879672768709,0.9608938547486032,-0.2067932463421357,-0.4862131065114801
0.2571520927124038,114.0,1.6720447188012324,0.9668508287292816,-0.234927335988497,-0.429858005352622
0.2862727677129754,125.0,1.8100323389905155,1.0176470588235291,-0.2603824928119414,-0.4824966185102889
0.359222382592314,172.0,1.8474078168372183,1.0429447852760736,-0.422766963425759,-0.4862157513365608
0.266932499840161,128.0,1.5590316069421235,1.0227272727272727,-0.462088529579411,-0.7440595551642718
0.1675113363495696,112.0,1.0959393393009762,1.0,-0.1774421578137292,-0.4774910594519623
0.2899164879674604,91.0,1.1721294668970363,0.9285714285714286,-0.0801715401912676,-0.3049661167811714
0.2808344852976204,99.0,1.189425702413131,0.9793103448275862,0.0462865930823911,-0.3415778782587356
0.6635609224104201,75.0,2.55301093071356,0.991304347826087,-0.4537123797964251,-0.6680349105898312
0.1542185981442772,114.0,0.9529385165596944,1.0253164556962024,-0.1953151270781637,-0.435515042709281
0.3803190822107917,105.0,1.8020894813463195,0.9476744186046512,-0.107287336544478,-0.2130207008827843
0.2574403793664522,97.0,1.2584840265212798,0.9714285714285714,0.0197947641734232,-0.2785609275975489
0.1629699386495509,102.0,0.8414801296011931,0.9936305732484076,-0.2550900590304792,-0.555914089541323
0.2267134116268962,127.0,1.4238770317025122,1.0060240963855422,-0.2707297827059235,-0.4451235211596195
0.240971702830912,130.0,1.5909952129293468,1.022099447513812,-0.3129271167878645,-0.5563201216594662
0.2815734860442339,120.0,1.8230461310587096,1.0552147239263805,-0.2127176447326028,-0.5587650268559354
0.1598420884123021,109.0,1.0087316814821148,0.9696969696969696,-0.1672393872290021,-0.5246591917079814
0.2806463849492144,101.0,1.214349700505552,1.037037037037037,0.0654751641738379,-0.281069481913774
0.25345543388796,97.0,1.1984069273565656,1.0,-0.1102686216598046,-0.2913211844033823
0.2175279012945094,110.0,1.5815168298504574,0.9705882352941176,0.0414848252577241,-0.2121961571579097
0.1451450364485533,109.0,0.8269995132541288,0.9874213836477987,-0.2578592159245257,-0.5687798517777471
0.2944026044207946,91.0,1.3111700981928232,0.9849624060150376,0.0379695542197266,-0.2653164910986393
0.2260828227852275,128.0,1.411818191620923,1.067039106145251,-0.2515546460060553,-0.4970922903063844
0.1585090168951971,114.0,1.0372503080904891,1.0,-0.1376326472735358,-0.4556520621314627
0.2473707323166032,118.0,1.6447873443019174,0.9247311827956988,-0.1954538756712073,-0.3867592530493041
0.1449354576758245,109.0,0.8277631851032531,0.9873417721518988,-0.201017435179385,-0.4824950398404279
0.3873048622055879,105.0,1.8508639121097228,0.9875776397515528,-0.2482861738290613,-0.262732563446128
0.2831610434639938,98.0,1.0848663175025015,0.94,-0.198297881555899,-0.4180452275777799
0.1496492939949692,114.0,0.9493795873991122,1.0063694267515924,-0.1205683015741541,-0.4467466861636776
0.3552777051471907,100.0,1.9205228599436992,0.9182389937106918,0.3769282098549452,-0.095985927655561
0.250560226228026,122.0,1.5176144201694306,1.011111111111111,-0.2888416022335224,-0.4981949544341711
0.2757878175387376,123.0,1.9433500705772853,0.9823529411764704,-0.1931405342325807,-0.4897975768913479
0.2592315314509588,107.0,1.190252173955235,1.0486111111111112,-0.1608383223916722,-0.3649293937080115
0.2513249943309214,118.0,1.6880151432149058,0.9940828402366864,-0.2507555366298153,-0.4513639422428678
0.2572314653830689,105.0,2.033743197450145,1.083969465648855,0.3819857764058955,0.0496666915948188
0.1708487977247048,114.0,1.0866217993869531,0.9813664596273292,-0.1819811770456182,-0.5102353111441151
0.2351815800002123,102.0,1.5531554350007553,1.0134228187919463,-0.0777542731788044,-0.3251299378438151
0.3654232950643055,159.0,2.09621762140402,0.9375,-0.1886295999494524,-0.2226137394744021
0.4978017173626997,77.0,2.138648969194513,0.9649122807017544,0.0841789538562326,-0.3613316582914573
0.2885776829735119,93.0,1.1734143568268425,0.986013986013986,-0.1771592471274952,-0.4593214897564318
0.2678608801075146,92.0,1.0196181130110444,1.008,0.0149214551293133,-0.3463432883682428
0.2752273521093476,122.0,1.913502146690668,0.9832402234636872,-0.1825477170265128,-0.4376225344287475
0.240337719533769,97.0,1.0863090905855055,0.9733333333333334,-0.1641398061751927,-0.435
0.2672879006841104,116.0,1.691882621760716,0.993939393939394,-0.2765788682940238,-0.5646445785140115
0.6196038712657161,78.0,2.1871976513606675,0.925764192139738,0.3372094684649919,-0.6864722855770317
0.1579846534990967,114.0,1.0968420953807403,0.9743589743589745,-0.1044903406625483,-0.3888974042686002
0.3876984663060427,163.0,2.1687479167621144,0.9866666666666668,-0.1445179255495601,-0.2525333284332272
0.254507549942522,121.0,1.7147615084158163,0.9824561403508772,-0.2608793969849246,-0.5504685539203935
0.1367938675335138,113.0,0.7863596717800967,0.9820359281437124,-0.2190491916288167,-0.4816663410820775
0.2433424069620025,124.0,1.73576208600187,1.0055248618784531,-0.0871950041697281,-0.3211245411965175
0.3840227574539629,115.0,1.9513040452250736,0.9766081871345028,-0.2142622899160491,-0.3316797941228979
0.2732167737977251,103.0,1.8333019459259448,0.9864864864864864,0.0149861715842632,-0.2509099444618494
0.1546624542614742,112.0,0.7659419311790655,1.0662251655629138,-0.2621200254841916,-0.6220751798639542
0.2741026736995807,102.0,1.3237783112361727,1.0416666666666667,-0.0679127859445374,-0.2216678235976695
0.3643812731716614,101.0,1.8838475314497043,0.8988095238095238,0.2576838152991046,-0.1877784871865797
0.241198525079842,100.0,1.1408539945028349,0.9574468085106383,-0.1373149336075837,-0.38546374213682
0.1791279605713225,105.0,0.9046539305174128,1.0,-0.3162655154025133,-0.6466235489396024
0.2936367189517209,114.0,1.5832786596785575,1.0426829268292683,0.2632470473003367,-0.2853028082416511
0.2673886091048308,107.0,1.1612386969952413,1.0285714285714285,-0.1916705374448723,-0.3777105194573992
0.1537967574183376,114.0,0.8447828847234284,1.0375,-0.2528636663852621,-0.5575031679520923
0.257583764329583,97.0,1.1947740967994176,0.9931972789115646,-0.0889845695909223,-0.2926272417747749
0.2603700514240344,117.0,1.7034071722028368,1.0123456790123455,-0.2554204015054543,-0.5275665583775112
0.4903443246895665,74.0,2.2871575072460315,0.9322033898305084,0.0158502051093147,-0.3579339166430172
0.2381219773033898,95.0,1.004379453670505,0.9930555555555556,-0.0467878594213974,-0.462587177254938
0.2724344863521106,100.0,1.3554103404972233,0.9865771812080536,0.0285299522806083,-0.2313206348712935
0.1643948238436123,115.0,0.9891145771509152,1.018987341772152,-0.2383089952895808,-0.5813673929291876
0.2608466340807759,118.0,1.6362177378768472,0.9585798816568049,-0.3092312181631558,-0.5418720725889753
0.2445909044152579,103.0,1.1624911264574125,1.0285714285714285,-0.0188684061687529,-0.6690097055857545
0.2859072365021713,116.0,1.93022921521539,1.0,-0.2401549739943304,-0.5739332324202205
0.1550499421418098,108.0,0.9469275175454211,0.9933333333333332,-0.1860765370530669,-0.5615251491660718
0.176827003585962,112.0,1.0292878878467655,1.0059880239520955,-0.1723867980899032,-0.4580200540087845
0.2524870683422374,127.0,1.651397962121228,0.9518716577540108,-0.2026176540401066,-0.4225198189655919
0.4016407197952463,118.0,2.0153139061820085,1.0897435897435896,-0.2214967994709971,-0.2917211607383013
0.2710636551901615,118.0,1.8889446016465208,1.0124223602484472,-0.1942220423350838,-0.4932450931130308
0.2461716495708909,120.0,1.4444294630745995,1.0245398773006136,-0.2815711688564349,-0.4359749133474256
0.1556441268730878,112.0,0.8302359461196486,1.0397350993377483,-0.2290595740211412,-0.572913503370222
0.5761720106881058,159.0,2.518161113935789,0.825,-0.1439126558462913,-0.2851374991010079
0.2731568279474328,102.0,1.2363379187724444,0.9934640522875816,-0.1650478970614081,-0.3633812541443502
0.2654566995609145,96.0,1.2838804612326298,0.933774834437086,-0.0939721708086485,-0.2961596037043255
0.1445936961830476,116.0,0.9377806949868714,0.9529411764705882,-0.1452242945413475,-0.4596274924243396
0.2640428699129306,119.0,1.7678169470826934,1.017751479289941,-0.192629433085793,-0.4389083285391235
0.2071702183909449,123.0,1.541762083858322,0.9781420765027322,-0.0798202418002039,-0.3500082203031969
0.287589165740611,94.0,1.22725487085365,1.0076335877862594,-0.0651589422055139,-0.3517028034476618
0.2478269395151228,122.0,1.570812854790034,0.9709302325581396,-0.2371814276282551,-0.4915431440922724
0.2262776905076076,130.0,1.4128374680624662,1.1366459627329193,-0.2649978519666943,-0.4990147937363377
0.2505653664085119,125.0,1.688037501491019,0.988826815642458,-0.2325088188543915,-0.4781899217392684
0.2563179486227754,104.0,1.1729423097106644,0.9864864864864864,-0.1331157919134787,-0.3666344244379237
0.2165106909960779,127.0,1.561765037402948,0.9661016949152542,-0.0444945953993343,-0.2879763790521225
0.2563957881400419,99.0,1.246184327098372,1.0068027210884354,-0.0070369586940269,-0.2609697519335467
0.3707898200089007,112.0,1.751996833641106,0.9818181818181818,-0.2934971213698154,-0.3353619668914383
0.143878885538815,118.0,0.951736767027808,1.0426829268292683,-0.1583360216001218,-0.4697384919919572
0.5120554603116471,100.0,2.3501454127014405,0.9933333333333332,0.411926810418904,-0.2937344049258643
0.2346044589703545,98.0,1.2067651359277167,1.013793103448276,-0.0628241177920262,-0.3078239100996057
0.2210514935779378,116.0,1.1890089221331537,1.0348837209302326,-0.2168221373601451,-0.4071484793385106
0.2682336715786659,100.0,1.290525222489058,0.953020134228188,-0.0641840651061851,-0.2967767802680056
0.1506904006620189,112.0,0.8391790923166691,1.0,-0.2199225946187874,-0.6012598139174955
0.5303170322044954,79.0,2.027109518405481,0.972972972972973,-0.0947740005718918,-0.5132597135427599
0.2560322669550236,131.0,1.7491482407820729,1.0227272727272727,-0.1536753620587325,-0.439572562835998
0.2415360561474004,129.0,1.6381893240539895,1.0106951871657754,-0.1978276455009139,-0.4264524859890293
0.149800579853084,109.0,0.8624695523227837,0.9578313253012049,-0.2105640550479283,-0.5316265893195424
0.1487048374916914,116.0,1.001939057937942,0.9940828402366864,-0.1504214206942887,-0.4308660408708157
0.1642424452198517,114.0,1.0550179666806037,0.9653179190751444,-0.1810871265811239,-0.5058174857315266
0.5187777067139662,80.0,1.9068994136002608,1.0272727272727271,-0.2590841607610935,-0.744706332937084
0.1956819793339369,112.0,1.0279264278203797,0.9631901840490796,-0.2585751678478649,-0.6373349056812222
0.2906132557625679,88.0,1.196499879516072,0.9777777777777776,-0.1069095463473333,-0.3762836936693435
0.4753241828920219,77.0,1.9623303268486203,1.0560747663551402,-0.1609039280631626,-0.5297661857727348
0.2365584146696169,124.0,1.582631072359446,0.9883720930232558,-0.2080750994466873,-0.4890502558341421
0.4439411305710311,92.0,2.0087994436073138,1.0,-0.2256547103678183,-0.4547983092768525
0.2976175917915787,120.0,1.932119362751885,1.031055900621118,-0.1597886354044105,-0.4597586656392909
0.3922799633180021,101.0,2.0314472349566763,0.9657534246575342,-0.0054002552758468,-0.0734799416273531
0.2290307361807813,128.0,1.451086429121302,1.0511363636363635,-0.2928235549695467,-0.4952303332750938
0.2532722364441369,100.0,1.1319988702088903,0.971830985915493,-0.1886951105064556,-0.3653684701325801
0.6143461990866397,77.0,2.4977193980474457,0.9690265486725664,0.4286686373483089,-0.5603722952902531
0.5654590731508915,81.0,1.941113397126876,0.9821428571428572,-0.3398932205851547,-0.7938805900222126
0.2659805930184545,119.0,1.7455447287339945,0.9885057471264368,-0.24,-0.5601518054508641
0.2606819033232508,122.0,1.7423914707166637,1.0179640718562877,-0.2755967471492298,-0.5247045476167218
0.1663396329077563,113.0,1.0509083048410237,1.0193548387096774,-0.1574645065568342,-0.4886920195434743
0.5237907959889553,79.0,2.091835557138712,0.972972972972973,-0.2389376426645797,-0.4939376608946764
0.5121179510978247,78.0,2.1798156950443954,0.9910714285714286,-0.0613970221769552,-0.475522329338403
0.2638314866340313,96.0,1.2697429091286965,1.0220588235294117,-0.1240092353735437,-0.2731101493605054
0.2794257491723391,111.0,1.7493253340489727,0.9882352941176472,-0.300022338584377,-0.62176424893863
0.4826129596639321,74.0,1.7876120400787925,1.0091743119266054,-0.5176571445363677,-0.7886803387435883
0.2743243265697415,98.0,1.3586298381806043,0.9929577464788732,-0.3353638366089753,-0.6857675155739759
0.4627304429252507,77.0,1.9376738198354213,0.9823008849557522,-0.3720737978239311,-0.5533463847869227
0.2577732134036926,123.0,1.8039521857930425,1.0224719101123596,-0.1591501299123375,-0.3542402140607669
0.4746580126119972,77.0,1.9333863250422687,1.0,-0.121248489777585,-0.6381343816672909
0.2537094964067913,119.0,1.8668683743466463,0.9497206703910616,-0.0181981817031123,-0.281304789437784
0.2922693801045181,119.0,1.9283520349953287,1.025,-0.2502998592880697,-0.5650689704263668
0.2922947661914904,116.0,1.815942143807819,1.0493827160493827,-0.3471268224866847,-0.6210484235778557
0.2977801542101993,86.0,1.152958363955811,0.9612403100775194,-0.052762182326887,-0.3814864899971267
0.1819496221491114,109.0,0.9923065738664698,0.9824561403508772,-0.1792463678084465,-0.5047800768093491
0.2178389429950715,133.0,1.4204655175804022,0.9633507853403142,-0.2988333765022336,-0.5124907530267782
0.2835493204847825,85.0,0.6784334233316912,1.0,-0.4096351430184282,-0.6509124698894884
0.2612936187665438,98.0,1.1837296143677791,0.9855072463768116,-0.0006941891039124,-0.2804570052508672
0.144993087948736,118.0,0.7447697231518533,1.0123456790123455,-0.2518380283660398,-0.5939831469846004
0.1851124317757536,102.0,1.0683243412843686,1.0,-0.1315698309970986,-0.5021684156471076
0.2410722711116073,100.0,1.6114439707381862,1.0303030303030305,0.0971154104694317,-0.1944882884398568
0.1430391437743067,117.0,0.6938354119546863,1.0493827160493827,-0.2776937300526799,-0.6054930459639349
0.3556199212831063,101.0,1.6311022774089377,0.9731543624161074,0.1889956890997998,-0.3095248080640939
0.1551552646132542,110.0,0.9750831006004927,1.006578947368421,-0.1980326555446938,-0.5362947135402796
0.4177401684565621,118.0,2.04048975545093,0.9824561403508772,0.4457189584207335,-0.2594283706165462
0.2877815505784946,125.0,1.8640486680498127,1.0057803468208093,-0.2920179894574327,-0.5491518636738542
0.2573746098495642,124.0,1.685281464633306,1.022857142857143,-0.2909642000416951,-0.5390641321203778
0.249203393060076,114.0,1.585548831092243,0.9558011049723756,-0.3030385561646408,-0.5673753204608949
0.3664671354455949,122.0,1.651801814260658,1.070063694267516,0.3676287633886752,-0.3063562549823873
0.2418276326353036,140.0,1.2342950321145434,0.9662162162162162,-0.0465350449949411,-0.2402267930423065
0.5130548723533032,78.0,2.305374719343449,1.0467289719626167,0.0485337886404894,-0.2266857713496664
0.2564277774931906,122.0,1.720897624651736,1.0056497175141244,-0.2591329471085344,-0.4849469420781134
0.4732823603933606,77.0,2.011290702328286,1.0186915887850467,-0.1953540091775491,-0.4217716871087627
0.157914770126554,114.0,1.0078632128011908,1.0254777070063694,-0.1727243965089339,-0.5119929402255151
0.2895382743864934,86.0,1.1973049633338684,1.0,-0.0667605742793285,-0.3409246446985097
0.2464978707921081,100.0,0.9993051167093048,0.9662162162162162,0.1765263035466263,-0.49
0.2908104096988153,91.0,1.1212881739750724,1.0232558139534884,-0.1121889456061722,-0.4422768046279453
0.1520344901491533,115.0,0.8864226126667945,1.0432098765432098,-0.1797799206742346,-0.5391352459189
0.2394803131468764,120.0,1.437272868139474,0.9835164835164836,-0.275230863882317,-0.5074964030937411
0.2692660936636101,128.0,1.8646098263978663,1.0444444444444445,-0.2685642925616697,-0.5712920589749904
0.258827032742998,118.0,1.6496705346352347,0.9940828402366864,-0.2856368208530816,-0.5313874696490929
0.2325353141375714,100.0,1.1579174996224204,0.9929078014184396,-0.0941835188440353,-0.337990510205213
0.264025917327135,118.0,1.8096324658382776,0.9783783783783784,-0.2626701064884633,-0.4656718283933035
0.3620732638022614,125.0,2.013942489447014,1.0457142857142858,-0.0942105491889942,-0.1375210244163492
0.3838168739781591,112.0,2.046025025170132,0.9751552795031057,0.3204217269106861,-0.1702064164375506
0.2779587011266007,123.0,1.7304288989408807,1.0414201183431953,-0.3030794952885232,-0.5398279682338378
0.1530132486465957,113.0,1.0103532486106257,0.9681528662420382,-0.1660167463513784,-0.4794917104579815
0.2408284691650653,127.0,1.606402968654112,1.032967032967033,-0.0941354397650107,-0.2253929179234101
0.3862542848858393,128.0,2.086805842797768,0.9251700680272108,0.1639570404373159,-0.3138981332442608
0.2437228563647333,118.0,1.546201971554219,1.0,-0.2077134758568803,-0.4871538420467287
0.1649803951709976,107.0,1.1291268437414022,0.9751552795031057,-0.1652903450996062,-0.4525456530468233
0.5122296381715419,77.0,1.9427328512891016,0.9734513274336284,-0.3121329952289929,-0.6972040853016921
0.2384680648283477,120.0,1.6154662334019174,0.9725274725274724,-0.1830930423280334,-0.417074147179611
0.2827940048493708,112.0,1.821308754658363,0.9825581395348836,-0.1775266203522598,-0.5392400630749907
0.1802717103329908,111.0,1.1653362498514854,0.9685534591194968,-0.1669387442065774,-0.5090613188460082
0.2841095540529538,129.0,1.8344703536977287,1.0414201183431953,-0.2981257909268318,-0.5343647908669175
0.465228315686494,78.0,2.0827895759425656,1.074766355140187,-0.0165254305424059,-0.3053435082939923
0.1437492213089308,114.0,0.764323830455531,1.0132450331125828,-0.2423001319262398,-0.608471885179745
0.2621357706835355,113.0,1.7801508390730958,0.9106145251396648,-0.2170852373251901,-0.5237771363998092
0.1832717887845193,109.0,1.0746474400761734,0.9751552795031057,-0.1862571964365189,-0.4954227317614976
0.3683076250264886,121.0,1.7953290844226333,0.9879518072289156,-0.1665568644524986,-0.2776232290329083
0.2347580090954941,129.0,1.6194425492898894,1.037037037037037,-0.2240911084020568,-0.5140706295867552
0.2494204716492746,95.0,1.151823114870945,0.9865771812080536,-0.0373274275734934,-0.281241704116129
0.1390063140431841,108.0,0.8045265686144717,1.025,-0.2444826059482515,-0.5371696216570947
0.2607629344538554,122.0,1.8083322852226351,1.0,-0.2353621860643115,-0.5067108411753726
0.2177437807394034,99.0,1.1268695774979798,0.9863945578231292,-0.105211541603174,-0.2925528161700562
0.1549346267168199,109.0,0.980710722318865,1.024390243902439,-0.1594298563308158,-0.5042901973003165
0.2608365234121459,122.0,1.7516460834598198,1.0787878787878789,-0.271041285500412,-0.4865455609777512
0.5114208558582584,74.0,2.1639300412585967,1.018867924528302,-0.013425022824164,-0.4145752663864676
0.2501040688221345,118.0,1.5395709024105182,0.9777777777777776,-0.2778805213343716,-0.4849221793739343
0.1428205510075294,105.0,0.8371455223863374,0.9870967741935484,-0.1626605744173884,-0.5365973189619022
0.158586691742331,116.0,0.8881125038370615,1.0120481927710845,-0.3103821204963323,-0.5885794520172346
0.2439857266936095,132.0,1.578560319204798,1.0229885057471264,-0.2998382381871256,-0.4855705256561001
0.1614966516184183,104.0,0.962761218726053,1.0206896551724138,-0.2493755869048121,-0.5555756083780448
0.370406217281356,116.0,2.1031834749252867,0.9127906976744186,0.4217105863783472,-0.138207149212731
0.2679139029028843,114.0,1.7559360864266669,1.0,-0.2005670467922057,-0.5256119185029456
0.2543896012702769,98.0,1.2840250216635123,0.9857142857142858,0.0026176710181039,-0.2555749463384769
0.1740039419244047,118.0,1.1465318042285415,1.0429447852760736,-0.2254528344262107,-0.544617258027264
0.2531376831638393,125.0,1.7431702283232955,1.0517241379310345,-0.0388931775725061,-0.3161526415221728
0.2790745323474641,94.0,1.1202286272044857,0.9859154929577464,-0.343094445937818,-0.5141995341869383
0.3163861980742613,84.0,1.2428391234781548,0.96875,0.0600433505817991,-0.3143987013615545
0.2256812153945354,130.0,1.5403783458535054,0.9834254143646408,-0.2903928386054066,-0.5257337363050518
0.2486331279187772,131.0,1.6224858599062983,1.0437158469945356,-0.235524854834871,-0.4375853073277879
0.2485831209770758,120.0,1.5830008586361042,0.988950276243094,-0.2648382283078138,-0.511916166203155
0.1688113173483691,109.0,1.060305687545561,0.968944099378882,-0.1961525417461366,-0.5440899292521414
0.3464751061197676,136.0,1.754781853639093,0.9794520547945206,0.0970839389868696,-0.3492259250342081
0.2672392613308368,118.0,1.808152033083627,1.04,-0.2298066008295434,-0.4757709904034546
0.4065684573584309,101.0,2.083071873430644,0.91875,0.2872196871380577,-0.1141593216044938
0.4191569722224864,112.0,1.7631083592400236,1.0719424460431657,0.4962026252483923,-0.2663823957634509
0.2247173061334721,115.0,1.1662135228035744,0.9612903225806452,-0.197573762484497,-0.4869876218384336
0.2636384130220406,124.0,1.7416562688744557,1.029940119760479,-0.2868061354455638,-0.4802745171311896
0.3549690911525783,105.0,1.927784873535549,1.006060606060606,-0.0598511566530341,-0.156785392509131
0.3134250043966576,87.0,0.9816817537979388,0.9496402877697842,-0.2344083387046021,-0.4765957137104746
0.2632181177563217,92.0,1.0904148536553475,1.0236220472440944,-0.0899658093128554,-0.4199069929903267
0.276515855268976,121.0,1.7757190543698402,1.0294117647058822,-0.3234657438882245,-0.5507082253509474
0.3844357265032951,165.0,2.222702076014876,0.9821428571428572,-0.1557845512887716,-0.2431470211228659
0.3769991525248294,113.0,2.2196159621937275,1.0838709677419356,-0.0463373531675889,-0.1628929986015756
0.2680597488545443,104.0,1.3409142690560267,1.0070422535211268,-0.0724238578545491,-0.2639174176716717
0.2889821270361807,128.0,1.8593183326931424,1.0344827586206895,-0.2983198957644526,-0.5698408844041798
0.4672216790700974,79.0,1.743124546576356,1.0,-0.2268608263091389,-0.6589122396258195
0.2695581098226354,111.0,1.931522469693386,0.9595375722543352,-0.1788281507955948,-0.4737323073412794
0.2921355038829671,93.0,1.4186320127281726,0.9927536231884058,0.1262384435200376,-0.1015424497667671
0.2763806758622362,112.0,1.5121026070862564,1.087837837837838,-0.3561705062665781,-0.6180834766501211
0.2613657333060995,100.0,1.1884286796712522,1.020979020979021,-0.1654183135882962,-0.421382626834771
0.4738981761378194,74.0,2.152687147978364,1.0377358490566038,-0.1400696952972715,-0.3031456796458882
0.2678868759017461,97.0,1.2238374071260458,0.972027972027972,-0.134391965379117,-0.3261369679488942
0.2682770756204317,125.0,1.6605584580662367,1.037837837837838,-0.3174475027089573,-0.5296921381885512
0.3807587843306541,113.0,1.9809358913978845,0.9055555555555556,-0.0794795149151758,-0.173096674822333
0.2972481832529833,94.0,1.2578172322832788,1.0234375,-0.0136618308830856,-0.298999221190905
0.1795614267285397,116.0,1.1140301494003084,1.017751479289941,-0.2131660875609198,-0.5334928456205108
0.2889414706218035,114.0,1.7788295420233995,0.9876543209876544,-0.2852903610323614,-0.5804737593793219
0.2426795016788512,95.0,1.1707334302999943,0.9788732394366196,-0.0044642597888289,-0.3354831058151755
0.2556632573053636,127.0,1.732001379284067,1.052325581395349,-0.1866433410856429,-0.4706482229899357
0.2686222579593648,99.0,1.2929818045892638,0.979591836734694,-0.0162520218696105,-0.2549984749048366
0.5104759931718019,77.0,2.285054475238433,0.9553571428571428,-0.2520698097819833,-0.5666981011099188
0.2621367839132998,96.0,1.2464913381705385,0.9647887323943662,-0.1143323388822076,-0.3019557875751
0.445472933591775,75.0,2.126913508497419,0.9823008849557522,0.200809872224792,-0.0598124378555042
0.2775140748271908,99.0,1.941602445931091,1.0136986301369864,-0.0021689976759967,-0.224935199839787
0.2399527147452186,86.0,1.2350186044338205,0.9612403100775194,-0.0740779786958491,-0.4948991592640353
0.4116747595245982,112.0,2.139755562847052,0.9681528662420382,-0.1716198660724456,-0.2566449352724228
0.5292289203796752,77.0,2.540227619150506,1.02803738317757,0.0840076740281401,-0.2533054652150537
0.266296834604936,118.0,1.8077300654324773,0.9675675675675676,-0.2705048481106519,-0.5017801239402974
0.2357363973407033,103.0,1.2241366135554597,1.013793103448276,-0.0791661127620154,-0.310593079726559
0.2570275324239814,120.0,1.6861940262275006,1.0365853658536586,-0.2398232892073767,-0.522133657966064
