"signal_std","wl_side","R_val","RR_r_0.RR_r_1","P_val","Q_val","label"
0.729405052979008,56,0.84590599448066,1.6063829787234,0.520440734554061,0.602637664592071,2
0.526884592662462,73,0.836310631543326,1.44347826086957,0.812702618032633,0.73169845053537,2
0.435291988002676,75,0.940838425716143,1.13571428571429,0.659146111743485,0.667021886629048,2
0.398717115158623,75,1.25476258751102,1.10084033613445,0.381824085773201,-0.165095601042171,2
0.403921541183094,67,1.13273539717697,1.208,-0.0563074051801657,-0.246700626677184,2
0.295015846696408,65,0.534494718901342,1.78181818181818,0.46952644399811,0.50297785071083,2
0.41597871768797,85,0.532691479180964,1.28671328671329,0.423383368640817,0.49696356222786,2
1.02435862277265,80,2.47802975919294,0.504587155963303,1.05966711546369,-0.828117478013637,2
0.632419150379212,57,0.554872013072336,1.2719298245614,0.406781972509142,-2.52233495090781,2
0.998729150403486,78,2.40393655278453,0.972972972972973,1.55773166824628,-0.616866869565573,2
0.539092507387047,80,0.923513941807734,1.55752212389381,0.722995825182076,-2.14516918669264,2
0.55471700998425,69,0.73533107451238,1.08982035928144,0.624442758305503,0.724160221326426,2
0.462651046680034,105,2.02036940360046,2.23015873015873,0.961379211912635,-0.380466575659701,2
0.734536251820113,57,0.918545045427881,1.77011494252874,0.812943894922179,0.818608430425857,2
0.52319662767036,69,0.769497487437186,1.97087378640777,0.670279315416417,0.663886225617824,2
0.47085702008285,72,0.756582962443005,1.50892857142857,0.49386893795978,0.677972257560355,2
0.607690477396605,51,0.791541590540564,1.33606557377049,-0.242108468534251,-0.649469471719319,2
0.48908551810291,69,2.07982039751723,1.14782608695652,1.2745022733373,0.311701341598095,2
0.488123395319506,82,2.02715589628758,2.23076923076923,0.969993498150215,-0.361690489967355,2
0.430806155194138,69,1.48425801694939,1.18803418803419,0.620473548695932,-0.206861029687041,2
0.476551412475016,72,2.18187258336714,1.2710843373494,1.31008681972508,-0.269412925261893,2
0.708517223609293,51,0.9089359931629,1.36974789915966,0.746040481866931,0.323041512355277,2
0.49624797877468,70,0.760712309480881,1.64948453608247,0.585312199554958,0.469616998707194,2
0.593802153129932,55,0.689415275560298,1.26050420168067,0.619685250734293,0.113502860706635,2
0.496114058099312,71,1.56362942864651,1.4320987654321,-0.09422339765817,-0.0931688963828655,2
0.433661166080025,79,0.648772386333014,1.65811965811966,0.498311651943009,-1.96963583365638,2
0.833051243870221,76,2.69904777869408,0.49537037037037,0.999725015439109,-0.300893110316924,2
0.469516863498387,81,2.19085613230842,2.00740740740741,1.16533292377565,-0.16747260308028,2
0.49583312123975,81,0.789920286623711,1.37614678899083,0.652986499411132,0.495154177665513,2
0.181379339908434,46,0.182539419490107,1.22695035460993,0.122357306887056,0.168837840809817,2
0.579737919391204,52,0.98343741979725,1.9,0.880015486336582,-1.99377711343838,2
0.48975704558722,64,1.59051769393568,1.12068965517241,0.463482764018668,-0.0929695348756129,2
0.590041975761755,76,0.70724355582761,0.390134529147982,0.508334324992263,0.560038392404742,2
0.400146082725984,46,0.411395231430528,0.987341772151899,0.34335922455898,0.0195040143352552,2
0.636409001344054,56,0.743173064702652,1.73863636363636,0.604845704815309,0.142702913951111,2
0.432130190611839,71,1.43223953946784,1.09166666666667,0.840611437645175,-0.137915030065831,2
0.474888634575482,65,1.49561694744367,0.502958579881657,0.781196603636849,-0.106605224142898,2
0.617720055532612,78,1.32252442201363,1.328,0.952772129225587,-0.258145237542931,2
0.445185196978322,85,1.96715324714821,2.08474576271186,0.985600317787933,-0.409565076101136,2
0.58823791224968,56,0.572393969704668,1.33628318584071,0.453585954284674,-0.0825679455679075,2
0.220407750058461,50,0.274504627602093,1.3489932885906,0.0129386103514402,-0.93849573174459,2
0.338898768994051,68,1.24957864819,0.326693227091633,0.00245490942958393,-0.136574475304641,2
0.574714051828462,118,2.24439277924007,1.49726775956284,1.04824173183377,-0.541675084411974,2
0.258021262347815,51,0.308886321218928,1.01986754966887,0.156531920981859,-1.02998895417441,2
0.64439730491287,56,0.863715419828938,1.29411764705882,0.772583049360533,0.792520763218505,2
0.218986749148255,55,0.208192530591861,1.4390243902439,0.14657003514124,-0.904674317487725,2
0.309724549949228,59,1.18457666338732,1.85714285714286,-0.144928819823477,-0.257486000246889,2
0.383307980480625,62,1.12162967444042,1.60294117647059,-0.315,-0.389293714502157,2
0.675106702191765,56,0.904595068410391,1.27272727272727,0.663030435150047,0.313055283436943,2
0.191687329894954,71,0.447872799074917,1.20779220779221,-0.113079465369719,-0.211984647352045,2
0.285868417362716,87,0.401449268393504,1.49137931034483,0.357849258380534,0.38166198928559,2
0.383116778023207,81,1.16831225540015,1.79816513761468,-0.896843199245335,-1.03332733894334,2
0.471371883449343,77,2.03940348879201,1.71666666666667,1.03734857065673,-0.300062713981521,2
0.407573557048825,63,1.31271808293933,1.31428571428571,-0.136032138269374,-0.232964068078669,2
0.437009740191202,60,1.56955984844622,2.24285714285714,0.910942750047734,-0.360358305939396,2
0.658433244070592,66,1.4245352016598,1.58552631578947,0.967813473161252,-0.286645843203953,2
0.276295952117208,62,1.30127413766221,1.24203821656051,-0.121832106663668,-0.259138040476972,2
0.429572161619436,79,0.520840847123604,1.70652173913043,0.440771024843774,0.326654118336635,2
0.414965003784708,65,1.25508571940779,1.42635658914729,0.977130463889814,-0.102084179311049,2
0.536053779945681,69,0.936224081574956,1.62376237623762,0.693992495716591,-2.13949157631074,2
0.630717641250669,57,0.737589365087067,1.28571428571429,0.663909373402365,0.11440870371482,2
0.372283861726801,67,1.27080822940213,1.40559440559441,0.740757570763209,-0.163750382213071,2
0.987044360475229,75,2.55439413198987,1.07407407407407,1.03479877350817,-0.447483866268743,2
0.634488360820591,60,1.59510547265548,1.39010989010989,0.859650041277626,-0.109298790197982,2
0.422019699019769,79,1.88247294972113,1.67768595041322,1.17059406774318,-0.164678061238428,2
0.499241530608612,67,1.3547496051026,1.15789473684211,0.904921738105835,-0.145865216292497,2
0.386937505958699,68,1.12509092020509,1.03314917127072,-0.243929111483886,-0.260391891361429,2
0.481601172343505,76,0.659804075958373,1.44354838709677,0.561654735707965,-1.93616304116995,2
0.662579158275017,54,0.74894472361809,1.35042735042735,0.534533720467306,0.736658291457286,2
0.506771548382475,84,1.95492520715949,1.94642857142857,0.937108131566583,-0.387566339483185,2
0.440695906719408,79,1.38218514598366,1.08196721311475,0.791481011024749,-0.164453309286708,2
0.624856528359951,62,1.6855249962188,0.418803418803419,1.32626051854164,-0.0856280284722755,2
1.05843990079195,67,2.32365452192074,0.571428571428571,0.849309448332144,-0.811243888121475,2
0.65817555391926,56,1.37136475436431,1.39393939393939,-0.315239615487561,-0.171310350305621,2
0.463153200116683,83,1.90214003735744,2.02803738317757,1.02292490251592,-0.416473344218079,2
0.299661562335504,72,0.222768464585754,1.37869822485207,0.159688424009524,0.140441959067554,2
0.55694435706936,74,0.769311023522061,1.85576923076923,0.596599590009153,-2.49440182725289,2
0.397947651610607,80,0.248869205419667,1.52238805970149,0.109357665523402,0.124048802753615,2
0.597339268555099,58,0.789657485707871,1.28333333333333,-0.200702454564682,-0.199489731083789,2
0.915559344024926,220,2.65706483045426,0.599118942731278,0.635400454341333,-0.579396876035632,2
0.531457964218952,77,0.755631226030962,1.66666666666667,0.595500153775652,-2.10177656610446,2
0.463900066321406,62,1.58671540651163,1.23214285714286,0.663750727949574,-0.285295374037541,2
0.59556693846894,56,0.773988596178942,1.27642276422764,0.665635309117238,0.20520849635327,2
0.441988913429896,72,1.24691801998707,1,-0.113669205319006,-0.126213346975598,2
0.196387999604119,92,0.332875343774826,1.55855855855856,-0.104593970806501,-0.263979486868128,2
0.439481080365021,79,1.84334539280367,1.28494623655914,0.955546837385827,-0.350569401752094,2
0.495736742032513,84,0.703740461475618,1.40131578947368,0.673475761966351,0.684285825671141,2
0.24849542904892,49,0.270119097346076,1.08641975308642,0.223172128869983,0.257005055475976,2
0.454208817894148,81,0.20605226313784,1.14393939393939,-0.174153957922728,-2.26054577484829,2
0.856863200757103,64,1.70389236357103,1.32298136645963,1.38259626722401,0.502508087374032,2
0.534656505795596,76,2.52172834717214,1.26229508196721,1.38143172907203,-0.257345710484716,2
0.374303657501741,74,0.990599813968784,1.15723270440252,0.714791946375611,-0.269395202110086,2
0.490535892768726,70,0.730745109985783,1.28571428571429,0.631293379369915,-1.83296433421618,2
0.557324008723886,79,2.43055855763586,1.41509433962264,1.76136499921425,-0.166317443088045,2
0.64870962753712,56,0.816007930105208,1.925,0.42273822986464,0.192554546244132,2
0.371519937104736,66,1.24015742845223,1.35833333333333,-0.0416855246930938,-0.125037866807285,2
0.584452505236431,81,0.839158494243954,1.264,0.460640225825101,0.35277577000008,2
0.34293481878677,62,1.10171669545667,1.42335766423358,-0.160992339052973,-0.228318028133527,2
0.422277144198003,74,1.19262690911896,1.12612612612613,0.115337611360467,0.0393560195699107,2
0.355846761894734,65,1.26829214333193,1.22222222222222,-0.0977948636430702,-0.193260225502602,2
0.640614247130405,56,0.747227431802521,1.85185185185185,0.621591045885958,0.275968379215684,2
0.652156272187903,55,0.924145728643216,1.26495726495726,0.810376209787195,0.883375361386479,2
0.541274495672869,74,0.6764259562642,1.25675675675676,0.581893834088895,0.675545905030784,2
0.571405845287065,81,2.32760393820359,1.6171875,1.12981825845998,-0.380165979254799,2
0.520121952222332,87,2.02153556627848,1.28888888888889,1.20140195864527,-0.321706100223469,2
0.467833666720339,66,0.642822282306352,1.95098039215686,0.560520493642945,-2.18253584398087,2
0.941256491163939,79,2.47484770993402,1.08823529411765,1.33945494264689,-0.490113709312141,2
1.03039396924635,83,2.66162817947199,0.513636363636364,0.868076620932518,-0.74841145338006,2
0.499764938816049,81,2.08824138700452,2.04716981132075,1.50543294327191,-0.258962543971487,2
1.04570891965184,67,2.59807347624545,0.572727272727273,1.6224975878087,-0.684068596636622,2
0.620025661198293,55,1.3563178966715,1.42352941176471,0.760005349002003,-0.236436734071751,2
0.5997890626329,74,0.84259307377067,1.2578125,0.786432594557454,-2.11825683041071,2
0.464172152988641,58,1.26887175986215,1.90625,-0.215251256281407,-0.22990977133679,2
0.5980557206922,72,2.4794834041549,1.74774774774775,1.37498347805449,-0.393598872958904,2
0.603084827370923,56,0.650873559194227,1.31932773109244,0.488756408144589,0.0867131563370023,2
0.468393970753815,84,1.84892674866112,1.22043010752688,0.987029175066289,-0.463324597613595,2
0.605638652228567,80,0.892164913406771,1.39047619047619,0.684245258098461,-2.38659492009659,2
0.615502101251584,86,2.23834053182694,1.15,1.16653759846763,-0.364306143341825,2
0.149491309245478,74,0.479140967721624,1.3828125,0.229195707428684,-0.0927930431173308,2
0.687469302665561,58,1.46136129512339,1.71165644171779,-0.182258124421108,-0.0956434163558481,2
0.560137227728486,73,0.854305954297432,1.61538461538462,0.69912799296701,-2.27756530331741,2
0.409099273336349,79,0.635401618252673,2.01010101010101,0.531504643493534,-1.97991283739103,2
0.211082403115662,109,0.184373331233673,0.96551724137931,0.00462107713088148,-0.0502662930695531,2
0.615834827688812,58,0.436721290502537,1.87058823529412,0.171134032076904,-0.116497722153939,2
0.999154011344336,67,2.60947667130389,1.17592592592593,1.52714289474494,-0.464643345371215,2
0.231148696026044,64,0.275850149306814,1.36220472440945,0.17406748108145,-0.0813152529597789,2
0.521390187091146,59,0.573940125928383,1.30434782608696,-0.309597989949749,-0.300245396016719,2
0.258134862674362,52,0.264253577412429,0.803680981595092,0.148106590827822,-0.155758560171475,2
0.529157603481063,79,0.745929109145545,1.35454545454545,0.620796201683235,-2.16827841810157,2
0.22461194317469,56,0.345904827715618,1.10135135135135,0.250240740228851,0.340391480290538,2
0.654561257641392,53,1.22453852682397,1.42857142857143,0.717202360586686,-0.302547581208907,2
0.70080104482404,50,0.767887012538887,1.94117647058824,0.662149616602707,0.244642582023774,2
0.397873630223439,65,1.33493527296785,1.41791044776119,-0.136302964459525,-0.175948833032656,2
0.639566500364367,56,0.858538118939449,1.27049180327869,0.603113277896512,0.30206266634792,2
0.567911661609256,79,0.683618964917119,1.39473684210526,0.605325828836349,-2.30759367562603,2
0.379471378466688,59,1.16349965862808,1.25179856115108,0.612059927455402,-0.2951424986746,2
0.563784311482252,72,0.888190273528951,1.61320754716981,0.723967292577684,-2.21513763171625,2
0.304914378945779,101,0.393499799105518,1.35668789808917,0.32608676804222,0.336362000929381,2
0.198896384919681,81,0.92993837826418,1.33108108108108,0.0152318569094494,-0.0691607453237118,2
0.493855016885154,88,0.954725665999445,1.67619047619048,0.559081773378217,-0.48468545181632,2
0.452412794882736,68,0.540959058455275,1.42148760330579,0.344809432056384,0.524578299252053,2
0.679781450699771,56,0.823540290351033,1.28448275862069,0.504823449447062,0.2336317849288,2
0.510455111633591,80,1.98455558508166,1.27564102564103,1.03467319789752,-0.211220143769266,2
0.321626057332494,67,0.824907761138883,2.1734693877551,0.732082825309935,0.719176952912574,2
0.605071786889647,55,0.808903188136127,1.5979381443299,0.662289513105655,0.260851507969641,2
0.487310495743408,76,0.744667837276921,1.4296875,0.573150394367624,0.741315831993542,2
0.64704482503887,69,0.683285925572724,0.908163265306122,0.591092956926827,0.612867779459939,2
1.02435441496595,75,2.43366188397183,1.19354838709677,1.33587101435539,-0.490068545927372,2
0.515615563824021,70,0.654522981136516,1.69072164948454,0.514661392551421,-2.30441351215863,2
0.55241906895656,74,2.34016348089314,2.05357142857143,1.1116429883254,-0.320818950990167,2
0.493571066914844,65,1.40870213002209,1.15126050420168,0.600552039644666,-0.300622521459349,2
0.562836977298068,79,2.60892588442514,2.10091743119266,1.27407878087896,-0.229724954209215,2
0.450643728807367,60,1.64347941407975,1.23333333333333,0.885787250594865,-0.11810542427218,2
0.501992841556334,71,0.922214071442281,1.46086956521739,0.636152270946409,-1.97156329289794,2
1.04023574627235,68,2.35409240701877,1.07272727272727,0.81093187893589,-0.53431187439961,2
0.389493100677212,67,1.06342864836073,1.29710144927536,-0.254481991359759,-0.333761497825276,2
0.440429145316856,72,0.675609252039026,1.79464285714286,0.568410195606754,0.218462664892333,2
0.44424494235363,73,1.15392718860707,1.07377049180328,0.347683166545357,-0.49465545915956,2
0.437601315694208,91,1.53861176554106,1.7603305785124,0.825936681811667,-0.25968726434126,2
0.496079077426428,76,0.758407235799059,1.47787610619469,0.405229711241782,0.201388022661189,2
0.447251667188425,72,0.502879807039936,1.73584905660377,0.417360520726356,0.11744178382834,2
0.39799906293626,79,0.392386934673367,1.97029702970297,0.348093609741951,0.379127589689022,2
0.46810749103014,73,1.42754844676799,1.0695652173913,0.787840058477849,-0.255859809750403,2
0.459066118913061,65,1.52486958408059,1.21238938053097,0.687898431444783,-0.25205374810003,2
0.44946602720292,65,1.22947213873975,0.834080717488789,0.796640477020166,-0.211668237103677,2
0.506659256374458,76,2.41899135163398,1.875,1.57591939505695,0.189536801898518,2
0.437114607444771,67,1.67813785754005,1.56140350877193,1.31016749314926,-0.176596046087966,2
0.281980823287712,56,0.285511803474156,1.58241758241758,0.197393396932809,0.264533268344847,2
0.391276674273165,72,1.08503657278261,1.15972222222222,-0.238972946402091,-0.295612266883382,2
0.370516245161218,63,1.48799680756227,2.06410256410256,1.06627360503815,-0.0825499104946885,2
0.370036643594796,63,1.86976157778366,1.33766233766234,0.740427676374881,-0.234633633857213,2
0.498456036716234,74,2.24381460500858,1.09278350515464,1.14991397959531,-0.309008335233136,2
0.29470072204488,65,0.392931772158273,0.985507246376812,0.331611265938501,-1.09832972410117,2
0.457305380597584,87,0.621247937530957,1.62727272727273,0.536628272917263,0.591053669949116,2
0.585023030567138,74,2.52721346833471,1.78333333333333,1.57449515856921,-0.167075904109914,2
0.150885486623508,60,0.265847196318141,0.56441717791411,-0.134370081352409,-0.153281639177244,2
0.366598073862522,77,1.00200111732222,1.35087719298246,0.418160808976084,-0.323284625286146,2
0.640810706389599,51,0.750338392311243,1.90804597701149,0.54879516653299,0.191727049391073,2
0.3510999410369,68,1.04511513094378,1.03333333333333,-0.233496288095534,-0.270948139820099,2
0.280142872430296,73,1.3641408040728,1.43708609271523,-0.0409845560502113,-0.208713219264658,2
0.612130467623734,56,0.79071037672422,1.26446280991736,0.523250292658423,0.172412962458906,2
0.376012117895436,63,1.09179624226123,1.38260869565217,0.589796062861099,-0.26532145609438,2
0.641842287689569,55,0.877894202939192,1.53465346534653,0.752079988797442,-2.26952858215093,2
0.520737384277057,82,1.75002697593658,1.00649350649351,1.13820721538328,0.994844434099097,2
0.482974757984999,81,0.636871149072136,1.51724137931034,0.530238787920641,0.627425720823689,2
0.346937432340709,74,0.666004840672988,1.79464285714286,-0.67901988599147,-0.732249778249393,2
0.26378468886732,58,0.73701126606566,2.32456140350877,0.340988098024336,-0.227114722127376,2
0.436855532983298,72,2.08152317730644,1.825,1.26667813675978,-0.147555806801056,2
0.372972000960589,88,0.51395088710666,1.088,0.45221819050107,0.488992296234295,2
0.368463376306826,72,1.11255991848348,1.40625,0.864234213524453,-0.186042797723049,2
0.648833193386701,56,0.732791827994608,1.27731092436975,0.444611174345227,0.180904178268578,2
0.463769409012014,81,0.749279130881744,1.79611650485437,0.181518426335089,0.234140637849366,2
0.531860539770818,74,0.70802136174164,1.45614035087719,0.566227932406172,-2.16246883073272,2
0.619960289917849,50,0.699762932621287,1.34166666666667,0.517353124164942,0.227304755359314,2
0.549417711622291,78,0.685746472405933,1.7029702970297,0.61623844846001,0.674032198357285,2
0.662467677854111,65,1.42756079559153,2.4954954954955,-0.332786282364826,-0.219292313536099,2
0.604288067885353,56,0.96364683994707,1.24390243902439,0.756092942037384,0.330084002274914,2
0.965757113089642,78,2.40541459314634,1.04385964912281,0.607523867682062,-0.44207383936265,2
0.385729403583599,66,0.852077630217884,0.761061946902655,0.489484084286531,-0.886802899480158,2
0.550964741823279,80,2.4565636531061,2.04545454545455,1.32471393900367,-0.275655599237033,2
0.42461189380838,71,0.514609613068903,1.62886597938144,0.371363425135418,-1.86164232461042,2
0.438381155753801,70,0.500733757805734,1.56140350877193,0.469540021582501,0.353457552668495,2
0.41237760337636,63,1.41851893115726,1.25217391304348,0.613347947386823,-0.779164446004708,2
0.440142378949089,67,0.618185657679174,1.3728813559322,0.447525178821189,-1.8682266414027,2
1.07788353941979,70,2.31766490687331,1.10434782608696,1.1781948291941,-0.627481793311864,2
0.503107510157744,86,2.22797260134765,1.83193277310924,1.1783697270443,-0.22984399825887,2
0.210306298346396,98,0.605324909979767,1.29281767955801,0.328275093493438,-0.096238828568251,2
0.277388574986155,77,1.31745010049867,1.48407643312102,-0.16615762022496,-0.291874503947109,2
0.324900489652146,59,1.04708303293316,1,0.628407126908385,-0.0684753241771748,2
0.506346382489318,72,2.07566556986074,1.83620689655172,1.25063882332759,-0.545904759319775,2
0.451145247450605,80,0.618691032778699,1.60416666666667,0.494674692725591,0.394507933633253,2
0.229204865380162,79,0.661374064898804,1.40789473684211,0.516165474614792,0.447699594699976,2
0.355108076050694,66,1.09667307901568,1.63846153846154,-0.141656704576411,-0.151784496961775,2
0.585710996641034,58,0.40424773120263,1.8961038961039,0.248724801401225,-2.44792012371254,2
0.261200156778019,51,0.858129917779906,1.16806722689076,-0.226130567058379,-0.264219596853084,2
0.290362773779273,63,0.8547883524282,1.32638888888889,-0.107536118468711,-0.2846121533864,2
0.459497224745767,67,1.54244685514021,1.19327731092437,0.551559614270265,-0.23457302685746,2
0.695396971052642,56,1.12654686912673,1.3448275862069,0.92955812296348,0.550820622618196,2
0.511746123528512,76,0.699464910836428,1.43362831858407,0.600566302439328,0.190342320515073,2
0.494453434183285,77,0.75178788801823,1.53684210526316,0.655978491920703,-2.01393457167063,2
0.396976504151461,62,1.1874549024715,1.10810810810811,-0.197916207406516,-0.225211590726116,2
0.695843601185495,81,1.50383871492681,1.22972972972973,0.970099746123687,-0.533182516062379,2
0.607444733099262,57,0.726974241303266,1.20661157024793,0.562630287233771,0.0245883659653708,2
0.679660141705932,57,0.959638538180449,1.43243243243243,0.832695062762497,0.35478205277459,2
0.456747623423363,79,0.766366970169361,1.95098039215686,0.66085895455886,-2.02822934411694,2
0.701132448288586,93,1.36742133945142,1.27941176470588,0.784879062022345,1.04727118635697,2
0.66664174678585,59,1.02629719109876,1.5,0.874904596004746,-0.0785562007695336,2
0.628777038094824,55,0.856289408096598,1.29661016949153,0.644743854702925,0.287206379867809,2
0.549046527775181,100,2.33704112868349,2.07692307692308,1.0611276260376,-0.343504939786338,2
0.505465691077573,87,2.13358137739868,1.765625,1.09543552283321,-0.409403756043793,2
0.330500185413463,50,0.558275867208218,1.33333333333333,0.48396204112642,0.370854158360817,2
0.676308524138573,59,0.894379224060956,1.27731092436975,0.633818867259464,0.295509110570216,2
0.274255229207602,70,1.19508570242921,1.3972602739726,-0.107373827371631,-0.281427839620408,2
0.345180990136684,65,1.12898999157944,1.09271523178808,0.743151952720912,-0.109976360642101,2
0.386028927106809,52,1.29700704744407,1.37323943661972,0.860673437681313,-0.791060577025265,2
0.483356968520338,71,2.33565453419471,1.36585365853659,1.33199231165594,-0.382970803573575,2
0.38397321575684,86,0.370846633843733,1.6695652173913,0.302196106991938,0.359701943078002,2
0.262595232762181,71,0.115912575718726,1.89719626168224,-0.810492936726719,-0.814873408542539,2
0.708302918102315,81,1.61211853670976,1.04938271604938,1.07437660338345,1.53211500705251,2
0.440133405578739,66,1.73079721050536,1.175,1.36146554611931,0.0451929694525031,2
0.512320008426085,70,0.710535758788743,1.53398058252427,0.657918749672668,0.695807669919933,2
0.481543283894392,84,1.7982250820052,1.95798319327731,0.892891055757191,-0.635878958361471,2
0.493656500252751,79,2.155906011736,1.78985507246377,1.31298415850505,-0.374422049810521,2
0.235830164750758,87,0.330302807615436,1.12765957446809,0.159648247189893,-0.111215669372526,2
0.613336647209988,51,0.939325606587479,1.38655462184874,-0.0411775487426674,-0.581966330415615,2
0.693828396564723,49,0.964895854486738,2.02564102564103,0.740135293802636,0.42633323737969,2
0.48601075507341,77,1.13535550247543,0.410404624277457,0.263421488366904,-0.487005617045105,2
0.410802348280497,84,0.71887037928133,0.994082840236686,0.36437057487502,0.141664623118252,2
1.00914250787161,73,2.36589021820959,1.13636363636364,0.895522181842286,-0.260438728112893,2
0.444932983696119,74,1.33391998081177,1.10833333333333,0.738550450438751,-0.185472501119514,2
0.628355745909189,48,0.698826015007917,1.36585365853659,0.633116257463928,0.236151715151727,2
0.37391524540989,64,1.30402614111524,0.824324324324324,0.0519753869855413,-0.108034387219409,2
0.465451624482232,84,0.695627578507729,1.05625,0.523724258757383,0.658753087432354,2
0.355669305763859,67,1.08935238693653,1.5234375,-0.134990202416774,-0.1517383001252,2
0.516309396834739,78,2.47050214080366,2.16216216216216,1.15162370028087,-0.25993087956124,2
0.481523763591947,77,1.76226579192288,1.78333333333333,1.04060325310413,-0.732130729608173,2
0.584691381356552,75,0.405,1.336,-0.0180188897493313,-0.145039604882362,2
0.64539390390752,67,2.3722355603322,1.32163742690058,1.83500992282522,-0.192328436881821,2
0.374251412811368,64,1.16823561586957,0.824626865671642,-0.171641537605741,-0.219927452115371,2
0.451542400924632,79,0.69688013961195,1.72448979591837,0.644001616718074,0.630104771373704,2
0.644469735973494,51,1.13929132781438,1.95744680851064,0.880502139969938,-2.22520754249892,2
0.272403542171597,68,1.08512464652452,1.36363636363636,-0.305579101577419,-0.426767699971771,2
0.482745613471057,89,0.779985282229772,1.68571428571429,0.648996630290408,0.760259956191484,2
0.966283387080207,70,2.85508854200634,1.02521008403361,1.68520215585675,0.0477692740631891,2
0.410570315782778,59,1.39760424970724,1.23076923076923,0.55316488037376,-0.211142043227558,2
0.910000008870404,64,2.75596242293149,1.17543859649123,1.79268530247019,-0.0392284918605845,2
0.93369371174107,74,2.8738696796676,1.00884955752212,1.90537411442459,-0.0630017419440986,2
0.526192817243683,68,0.80063865459973,1.45871559633028,0.695491755698171,0.792579066259854,2
0.145424300841023,61,0.740731511110104,1.63392857142857,-0.048013361375415,-0.228852326604603,2
0.53397962842311,105,2.12974613994512,1.9921875,1.01847165619814,-0.314433690741828,2
0.539546317434664,64,0.798887483044058,1.35652173913043,0.74706119225347,0.29451660995583,2
0.638000601290129,53,1.00601656544601,1.30081300813008,0.751556611395274,0.457509256991756,2
0.395333127796189,63,1.19231974017278,1.01694915254237,-0.175715926737819,-0.207389223811914,2
0.56415683764693,74,2.39668865413338,2.04854368932039,1.65542202596437,-0.398305868005603,2
0.592922651255796,56,0.710746156588353,1.32773109243697,0.593031077292002,0.21358530128891,2
0.59285234954959,71,0.8080543206761,1.47863247863248,0.696251478878682,0.763328281248136,2
0.391298878426147,74,0.728497300673987,2.46728971962617,0.524918488362955,-1.71160402467611,2
0.379788352925998,64,1.02931415762428,0.837837837837838,-0.311379187282968,-0.386445238326732,2
0.942624177097017,75,2.36118932632655,0.482300884955752,1.35477363006911,-0.571811931698113,2
0.165729102311762,62,0.753116129578482,2.2843137254902,-0.00932013304172499,-0.260411333733061,2
0.482614383479734,64,1.61784586384519,1.14166666666667,0.695804049188032,-0.244683108546044,2
0.578468823734574,73,0.873146436661992,1.74226804123711,0.713673195795863,-1.99210721806623,2
0.510060309841411,77,0.812600017723081,1.62385321100917,0.694599998338355,-2.18240009304636,2
0.588434040023072,71,0.933933310766447,1.232,0.788162488742663,0.760096279436248,2
0.403468423796815,62,1.35043035104867,1.25862068965517,0.615984860183057,-0.250225281515027,2
0.414699788669444,77,0.519526195184703,1.61538461538462,0.453764742001153,-1.87038140341828,2
0.733014188041263,53,1.46862849552691,1.51592356687898,0.985440087333582,-0.173317113173769,2
0.39915514582572,63,1.25688200334676,0.461538461538462,0.489426700171336,-0.218872149780538,2
0.299049910548306,106,0.555110551969987,1.32278481012658,0.421154891905697,0.552584002170433,2
0.621290504200152,75,1.63472164727405,1.2578125,-0.0523447405591658,-0.102209665372358,2
0.639880447224331,67,2.32650761791302,1.32484076433121,1.76593960529956,-0.128479260521636,2
0.231356015703206,98,0.626635762714292,1.41293532338308,0.350578696560119,-0.629507871360083,2
0.598993097490563,73,0.84205800207174,1.24576271186441,0.618337324807923,0.753580096315341,2
0.463868404927922,72,0.880887751645322,1.33018867924528,0.79475555282777,-1.72090622610803,2
0.616963984277976,56,0.738133654709878,1.31666666666667,0.66939845686179,0.221537025343673,2
0.535135379950828,76,1.89995292000101,1.75609756097561,0.966492409612106,-0.215779175291879,2
0.586741663942686,50,0.853235545456303,2.01219512195122,0.700429044570285,-2.2160535088747,2
0.193563232783278,107,0.359757635734975,1.17777777777778,0.189724898547193,0.091689746797846,2
0.651576967478134,50,0.893622502436567,1.3801652892562,0.687274069420382,0.365756851806202,2
0.49311546673954,72,0.615767250340454,1.07971014492754,0.448960797268471,-2.16401393109945,2
0.562069437257958,67,0.793256132258163,1.24137931034483,0.567701171144445,-2.24850563320817,2
0.362007506068947,62,1.19307817322391,1.40677966101695,0.707131099697302,-0.211563711899734,2
0.407777327069682,66,1.06753618387303,1.36607142857143,0.666666875240471,-0.273808021403824,2
0.650424147479573,65,2.35772325514027,1.29936305732484,1.59453672264552,-0.214147026981118,2
0.961199437900876,77,2.70873171508721,1,1.67037803288794,-0.178093828149406,2
0.453216698727603,67,1.50465647361644,1.19130434782609,0.646363357645402,-0.199186968903298,2
0.603212259546507,50,0.799849667042433,1.3304347826087,0.636400333913509,0.62415092164798,2
0.389245106590116,58,1.76516619543572,1.45714285714286,0.668988358150555,-0.290335340102983,2
0.640746951006183,59,0.998820447182538,1.24603174603175,0.739050694180388,0.386741157999976,2
0.595664420856405,81,0.748662425085501,1.45217391304348,0.676415050362037,-2.33704682954298,2
0.45829897547538,74,1.82135684563597,1.87394957983193,1.07953121897404,-0.219015276821106,2
0.641204585309254,58,0.974649052632312,1.82926829268293,0.852172964287525,0.369987650062061,2
0.138834479836105,62,0.418833180291354,1.81481481481481,-0.100192156982325,-0.412584689120043,2
0.997928944033448,77,2.42692925304809,1,0.88601124107354,-0.496737919321241,2
0.461368927660325,71,1.54148971719587,1.11965811965812,0.700018911068974,-0.0747889421770167,2
0.41418568305914,67,1.54416666194797,1.22033898305085,1.04732373176152,-0.11433260063701,2
0.534359936425322,97,2.38403897601648,1.29341317365269,1.32893429822691,-0.370647383940701,2
0.31570326656077,89,0.574794703013705,1.25196850393701,0.507191971443605,0.568397348737626,2
0.456935345958434,74,1.42432791562621,1.11111111111111,0.682354502031565,-0.265454786386647,2
0.944789766333867,77,2.69167359153161,0.930434782608696,1.91535177967123,2.65849682016377,2
0.671292935894502,56,0.76755014427905,1.31666666666667,0.575037410996919,0.747423927293962,2
0.368019734346262,65,1.29359212897548,0.790262172284644,0.791813772749342,-0.143511994648601,2
0.507649653643734,71,0.797499763397204,1.45714285714286,0.756295210263118,0.774078169550112,2
0.441172102002458,66,1.74355299868923,1.17948717948718,0.742372501132691,-0.0282321691507183,2
0.641832512942702,81,1.35781609286493,1.35714285714286,0.808670962042131,-0.63290065789289,2
0.56191119384914,73,0.978015075376884,1.12280701754386,0.766769035673863,-2.05690402931417,2
0.715335170367765,84,1.49016430894901,0.640167364016736,0.966509753700099,-0.32993688315781,2
1.00549644134288,70,2.58651086368868,0.551401869158878,1.59034569898036,-0.586801050148214,2
0.38468323038807,54,1.84365052726914,1.3986013986014,0.70929295435514,-0.183284591470554,2
0.621632885250048,54,0.774693674277599,1.33333333333333,0.638298292348638,0.220504694480851,2
0.19288090915217,76,0.380498430242357,0.395238095238095,0.342024962215591,0.343734230217671,2
0.472670958902584,79,0.742282834107907,1.16541353383459,0.524179550702402,-1.88720509356587,2
0.237658539187961,91,0.549391440547185,1.41935483870968,0.373141923440661,-0.657445485205538,2
0.850969013038284,76,2.14592529178043,1.67441860465116,1.07350652661363,-0.773846413390514,2
0.452135747746828,77,1.47000807105693,0.475308641975309,0.833266700216323,0.326069329188588,2
0.252842851175351,45,0.284998013805385,1.06766917293233,0.13105038813186,-0.120504711805305,2
0.508103244203818,84,1.97682327100579,1.97247706422018,1.13661547788527,-0.34022269701477,2
0.342498343125921,40,0.474405966628182,0.648484848484848,0.421732738979293,0.439017415252385,2
0.954499995279339,74,2.45184512400044,1.05555555555556,0.662888631428751,-0.453426954467696,2
0.17342267337635,70,0.612543847339052,1.5,0.104420289679458,0.00837574385982223,2
0.681293241656363,56,0.494387681976237,1.29411764705882,0.351150867404838,-0.0608107545516854,2
0.465260210374902,82,1.89226739049277,2.09734513274336,0.908027835064732,-0.42724244813472,2
0.683368369416866,55,0.95003722410876,1.27868852459016,0.832456881915622,0.475486332109429,2
0.487987301123278,68,0.639271836806725,1.19205298013245,0.468000946937972,0.605195601196683,2
0.964753230582923,70,2.49039183528105,1.12037037037037,1.48779710379954,-0.434358219578372,2
0.426873943103252,79,0.673519151442344,1.71844660194175,0.58353799863785,0.651902353372378,2
0.386998144027609,74,0.700404480023916,0.676616915422886,-0.5807105198469,-0.789999081004211,2
0.631858275523375,56,0.700652023795537,1.33884297520661,0.571705003593707,0.245774682109427,2
1.03409490089178,76,2.43211539418779,0.417021276595745,1.63554391556811,-0.271947475844683,2
0.388639619150695,53,1.91791343824682,1.37956204379562,0.725118177382847,-0.16757033712633,2
0.669774549814784,56,1.03526156561596,1.26315789473684,-0.106919212635361,-0.127205988834923,2
0.28632816091793,64,1.01486650891297,2.47524752475248,0.863664543129179,0.863086574015038,2
0.485521040230782,77,0.664836858859748,1.23008849557522,0.472701342794781,0.631238236384935,2
0.525316619703049,74,1.95317369160648,1.8018018018018,0.844656445020445,-0.448656770564774,2
0.413638952786702,63,1.69477121881821,1.22689075630252,0.843606719278958,0.0234836968582565,2
0.597642813236747,58,0.706088959632218,1.26666666666667,-0.147620803450364,-0.137256839441914,2
0.607003264352554,60,1.06605344597548,1.61333333333333,0.769776310514886,-2.07651471514721,2
0.471813481599317,88,0.654396984924623,1.60952380952381,0.496817496601,-1.88651526405331,2
0.588258163919306,79,0.828479899741321,1.42735042735043,0.743822600156418,0.803426543118733,2
0.389619316371485,78,0.910037990726707,1.46464646464646,0.656125071594929,-0.878174989109965,2
1.02698423074924,66,2.72078444935613,0.594470046082949,2.0306686138592,-0.404506491474847,2
0.572188786564124,72,0.791543163435762,1.89795918367347,0.622423733795636,-2.32123942346601,2
0.736845527775227,84,1.58881181344197,1.53757225433526,1.20317909995786,-2.32625890737599,2
0.623441246041887,78,1.48878645444696,1.31847133757962,0.998781829273259,0.0657601875474156,2
0.50762759655214,81,2.09138004170878,1.15897435897436,1.04957390855927,-0.42083172939406,2
0.483070884592384,73,1.33221893276623,1.05982905982906,0.828390361436891,-0.282609616589588,2
0.70668797333197,53,1.10722694843936,1.78571428571429,0.989720783802772,0.841471326088569,2
0.604916394237193,56,0.787934065054293,1.22764227642276,0.616707328635263,0.216734033212819,2
0.519258648260193,71,0.672524581975104,1.30597014925373,0.266894715650638,0.125454103680587,2
0.734678136201102,87,1.34607129701313,0.945121951219512,0.892589621975157,1.1553709648764,2
0.569256734736393,74,0.956964381864633,1.43949044585987,0.619397654061841,0.248395261238167,2
0.739848635843471,65,2.46537765368403,1.29861111111111,2.12049424111829,-0.293912161420198,2
0.49865595429139,69,0.658316628488623,1.58490566037736,0.611761451805999,-2.09734807275186,2
0.496967996977713,98,2.11351410636085,2.0353982300885,1.24601940787463,-0.180785925954946,2
0.382817320295045,67,1.92773922720545,1.37414965986395,-0.0991961644917501,-0.149166544776406,2
0.460621758046169,72,1.68510188573665,1.5,0.850894967094431,-0.0436012562375531,2
0.757413718335386,79,1.42975323175244,0.731578947368421,0.844487141434924,-0.650349147784275,2
0.493240282327565,74,0.53542188415786,1.15384615384615,0.466722992188392,0.503169106441234,2
0.159121906036572,91,0.240403317781752,1.07361963190184,-0.0380302354588584,-0.0747507945502566,2
0.434713425222349,68,1.22715075824958,0.79646017699115,0.938610402705099,-0.316408720510753,2
0.984876555485784,71,2.59223197758702,1.12962962962963,0.611297165563398,-0.372099318727635,2
0.635897169695344,58,1.23561740666106,1.30434782608696,0.99817449524063,-1.87987226056388,2
0.58582505201964,70,1.19682006419294,1.53061224489796,0.966998155565676,0.703929992697832,2
0.604550970140957,51,0.819856543922037,1.33333333333333,-0.291865438610189,-0.296641796369251,2
0.375212523059254,60,1.74490458160144,1.38970588235294,0.710788156787193,-0.329185517283173,2
0.664194682004351,60,1.34647667564611,1.55621301775148,0.68948863076807,-0.174656214714443,2
0.410834204304572,71,1.53368135299183,1.10743801652893,0.962395432877337,0.0198066157193425,2
0.477625060339895,78,2.21252219612219,1.32558139534884,1.23434174306815,-0.153188297981235,2
0.594614907925129,75,2.06862919555813,2.54639175257732,1.55251924807316,-0.0524161181999209,2
0.578230368301297,55,1.2783269416499,1.36448598130841,0.345489264990112,0.32371932785486,2
0.351753089827892,63,1.26637919131733,1.62686567164179,0.753826246287835,-0.112613094340943,2
0.352842976673905,70,1.20913909723801,1.27741935483871,-0.140159685515142,-0.148390519937878,2
0.220903433504779,95,0.468024347084028,1.18110236220472,0.362987807073016,0.13002445231545,2
0.392343047908501,69,1.18989106615111,1.42635658914729,0.747783374393945,-0.138012849763638,2
0.194704128096378,70,0.558111296992928,1.36526946107784,0.0913011021866612,-1.05732125711624,2
0.554143356684703,51,0.694123764461552,1.42016806722689,0.479483221997889,0.273885819626326,2
0.504269917209483,87,1.98560309175117,2.36893203883495,0.998140833283417,-0.539970495438039,2
0.273353884934389,65,0.874314979832933,1.50955414012739,0.299801838447439,-0.261528644799825,2
0.442449404142715,79,0.74591336105401,2.07207207207207,0.511750274825573,0.325041944535088,2
0.481536812627673,72,0.576766560829536,1.27659574468085,0.572792896375584,0.5527521525592,2
0.33175651489837,70,0.420518413031222,1.33918128654971,0.305260747996851,0.380923302456382,2
0.340537949153723,62,1.07950520315658,1.26027397260274,-0.114357516485787,-0.283203403792007,2
0.653171702475185,56,1.14681126255944,1.36752136752137,0.989005942910058,0.545568284457808,2
0.0685756218010874,194,0.28674711442421,0.280487804878049,-0.133918290049862,-0.0201789395383201,2
0.514273185383878,77,2.18827176408333,1.8135593220339,1.35754144701238,-0.374507845546219,2
0.420191302675942,64,1.41996388024417,1.26724137931034,0.596428479673856,-0.895496523647222,2
0.503253187178387,79,0.691243073980649,0.323651452282158,0.304658073300498,-1.74410893529553,2
0.737271887598244,58,1.4463756216521,1.58235294117647,1.00675461535336,-2.51978330783433,2
0.424809568815371,86,0.62,1.54639175257732,0.476623003236347,-1.72899688230427,2
0.538732390763109,83,2.2804286221556,1.33529411764706,1.21119477586816,-0.481623900313644,2
0.435546390231909,62,1.18884508736101,0.67420814479638,0.797997247927538,-0.251035509843276,2
0.635154461766528,57,0.805565754089739,1.25210084033613,0.521502214432437,0.159601086062133,2
0.460402178230849,71,0.5819349559258,1.32283464566929,0.511988277551111,-0.498252048337447,2
0.53516267325882,99,1.72647992643138,1.01973684210526,-0.527915713258946,-0.582952106876623,2
0.60715618241167,51,0.627457039650501,1.33050847457627,0.374223042180863,0.04,2
0.61250970533963,56,0.740630821639943,1.91463414634146,0.594005246775827,0.205111461294384,2
0.51736336380424,71,0.77322165017562,1.70909090909091,0.672853113873367,-2.20262525773828,2
0.386313756716198,67,1.11851243355124,0.931818181818182,-0.115919415582713,-0.217297766458889,2
0.420930681522221,73,0.346171103530458,1.11475409836066,0.174189632583986,-0.00940432276233288,2
0.893646259776474,79,2.3902754707061,0.511415525114155,0.430797495780266,-0.965432395270103,2
0.430737178279504,94,0.554119680192731,1.47663551401869,0.356362956454494,0.512281249104976,2
0.713984345075749,56,0.957587877495389,1.8452380952381,0.727188409084732,0.40903883456316,2
0.284705579157353,65,0.698926772249163,2,-0.07381850057965,-0.239177095409288,2
0.994004479399202,74,2.35226341010499,0.502242152466368,1.29662459512623,-0.548158388122802,2
0.843654713014735,77,2.74163783755061,1,0.665729325294703,-0.380964892905986,2
0.479540519829604,67,1.39311316956322,1.1375,1.1142086320185,-0.180617477770118,2
0.190651473137953,51,0.228013590637419,1.48062015503876,0.126217777050734,-0.117604160507727,2
0.643813015976035,56,0.702878056648791,1.33613445378151,0.521175045163027,0.143740314386269,2
0.622554905962504,49,0.653812801807191,1.39495798319328,0.499951003664972,0.235679465628853,2
0.292455506911291,69,1.31854634432592,1.38926174496644,-0.196688245915824,-0.331371543367896,2
0.231612656792353,51,0.294220880997449,1.1015625,0.234485607016032,0.233568438825146,2
0.451610173011139,64,1.60949668930035,1.22314049586777,1.20631685257288,-0.211771653084743,2
0.229498562148895,81,0.510946066236247,1.61682242990654,0.483373724130397,0.470880570080857,2
0.530062789095272,81,0.965522603338278,1.46341463414634,0.767325126676482,0.7670149880426,2
0.496707546455687,71,0.706953447435204,1.27777777777778,0.580935222120021,0.507889316219521,2
0.48515321411853,91,2.1812042501183,2.20754716981132,1.03536400130393,-0.269043714742509,2
0.48462111090603,83,2.25399196914479,1.93333333333333,1.26813181929468,-0.249755439205701,2
0.508885511368838,74,0.573651352611552,1.21481481481481,0.183577601083648,-0.122203302331545,2
0.674934921747556,51,0.885,1.43333333333333,0.665391602331773,0.469203017783388,2
0.533097756643058,77,0.870049120185628,1.57723577235772,0.785885390283726,0.860840443707149,2
0.533052330119575,93,0.798120196801127,1.04273504273504,0.218485956078496,0.14189510758743,2
1.05463466804382,77,2.45988519231915,1.04672897196262,1.29000170328233,-0.609001200495818,2
0.630863232777853,52,0.780218090140161,1.42148760330579,0.517505282586683,-2.48352523387103,2
0.555787235777489,53,0.812840924036057,1.31896551724138,0.731456332230099,0.804054850950057,2
0.648952625376637,49,0.993987010480858,1.34959349593496,0.831984516822588,0.445619402455826,2
0.306849226465858,73,0.894206730780823,1.64,0.590148943748563,-0.21839441801285,2
0.516286349651142,76,2.48075598353435,1.83458646616541,1.42047692507421,-0.305321865217669,2
1.01651555745908,77,2.48553387703355,0.482456140350877,1.12121072114944,-0.652062546811793,2
0.394048791619014,82,0.58394472361809,1.0381679389313,0.52203219951199,0.575100502512563,2
0.576235126831996,57,0.684571402055601,1.36607142857143,0.528906469048456,0.103778572156698,2
0.675902575523249,77,2.40696063136461,1.54545454545455,1.91125125831393,-0.248318230885586,2
0.686608381684805,67,1.9989899562334,1.23529411764706,1.11538205620547,-0.168497233808721,2
0.508851935913975,77,1.96857277970002,1.89655172413793,1.28608869258864,-0.361526722549356,2
0.534959949770089,78,1.30396799866201,1.28048780487805,0.683679944162951,-0.257607022139413,2
0.411566845423464,91,0.467523011376139,1.08965517241379,0.395198772244869,0.398125223791491,2
0.370153157938824,61,1.16905514039732,1.21167883211679,0.796364799453644,-0.157435779257391,2
0.645255886418709,46,0.846439950972735,1.392,0.565958163672998,-2.35079174141045,2
0.683887997873382,55,0.929651214373072,1.27966101694915,0.69230882863443,0.307612076822688,2
0.633905471149917,56,0.650545390774839,1.32758620689655,0.543711673573799,0.00803703225268504,2
0.646373855400519,81,0.950132240412468,1.12820512820513,0.186179141815533,-0.223506757043369,2
0.664255363075057,55,1.47864838243661,1.5,0.695507483061741,-0.246674582888719,2
0.592743162459093,86,0.635588826938136,1.42105263157895,0.418981824016316,-2.34907726189587,2
0.53562564105617,72,0.867365110623351,1.90384615384615,0.742247512976078,0.77573133229309,2
0.525133461652007,73,0.66938927073595,1.48780487804878,0.595415846048857,0.647869813453262,2
0.271462185685111,68,0.948039681391534,1.69047619047619,-0.065,-0.217400276733932,2
0.282902271218386,70,1.29167556394824,1.45985401459854,-0.138344756645709,-0.223551409371738,2
1.03596206711017,80,2.29861991856217,0.513274336283186,0.791084249158021,-0.832336824035511,2
0.452256872558769,72,1.31469814999703,1.13913043478261,0.670881279646666,-0.250356820225253,2
0.474925864523394,70,0.668094940155986,1.77450980392157,0.589567117400633,-2.04110638060327,2
0.516713857717357,74,0.805554830236243,1.52678571428571,0.570523354440084,0.49826685231525,2
0.217293224853794,87,0.48598258029522,1.34265734265734,-0.0409947969887111,-0.685754183046261,2
0.502508934707293,87,2.04968791559676,2.10091743119266,1.11087738142948,-0.396526770349918,2
0.512925924175771,95,2.04818685603281,1.9344262295082,0.961379696317218,-0.417379269398466,2
0.370627811485888,59,0.707199452822117,0.929078014184397,0.55200059694315,0.593578737165991,2
0.474186066048022,78,0.592554363391226,1.36448598130841,0.497091374721582,-1.92113677292049,2
0.318342016181158,62,0.831261368791694,1.17218543046358,-0.162218297721618,-0.223395440263901,2
0.370489722529759,63,1.2173155280884,0.90990990990991,-0.0743761605810334,-0.150425867329169,2
0.337411066213618,73,0.44762874662219,0.659192825112108,-0.782892054071246,-0.840976389461598,2
1.00009057167152,65,2.52859346405117,1.22222222222222,0.873678212564185,-0.509359220676004,2
0.495613754771492,79,0.72030892657364,1.90825688073395,0.662470917745562,0.377383260570843,2
0.414097322372449,63,1.28294743369491,1.1969696969697,0.807673646514507,-0.28745205419854,2
0.2828491727222,58,0.76980827844115,2.17924528301887,0.166992750902941,-0.365858069796331,2
0.437198616368566,96,0.576252916025422,1.82857142857143,0.455980263463882,0.547367381045491,2
0.255696367350414,70,1.1338286349928,1.53289473684211,-0.103157599518231,-0.235058642514719,2
0.218498168670568,63,0.74732916878035,1.30656934306569,-0.0168233494886328,-0.126056085025587,2
0.623629632624876,63,1.15828384997052,1.64848484848485,0.686477336226052,-2.06369136613016,2
0.68779777506635,92,1.4315110139096,0.909090909090909,0.678421358810976,1.27709026710438,2
0.533343407223772,81,2.03024850674024,1.15934065934066,0.957433821729614,-0.692604794439615,2
0.638349054998969,56,0.965476903989071,1.29166666666667,0.904919031285394,0.901744938279616,2
0.251367273033867,54,0.343058500685903,1.0709219858156,0.25022517826035,-0.138869750568034,2
0.591429463799595,58,0.756167529481908,1.32773109243697,0.584217878607238,0.293943020540753,2
0.646576427084243,56,0.979313476727146,1.75294117647059,0.678567966664112,0.518997977542123,2
1.02447824473398,79,2.4402177480917,0.482300884955752,0.982758283003145,-0.774546294865621,2
0.376311726607837,65,1.30616991157762,0.783464566929134,0.710678532298986,-0.147277443987882,2
0.901461592563838,80,2.56929745373054,0.51528384279476,0.773716604271683,-0.466405219033153,2
0.51509627909242,84,0.709105661897032,1.5,0.661890774644797,-2.25596987501804,2
0.600175510001526,56,0.848330299168583,1.27826086956522,-0.122894593971356,-0.560098861151232,2
1.0232113506076,73,3.13766671063114,1.15178571428571,2.19555834159439,-0.0562836342473202,2
0.404505373443866,67,1.26549624874142,1.33333333333333,-0.139542921065959,-0.191598407240445,2
